Apache Maven 3.9.11 (3e54c93a704957b63ee3494413a2b544fd3d825b)
Maven home: C:\Users\rishi\Downloads\apache-maven-3.9.11-bin\apache-maven-3.9.11
Java version: 17.0.17, vendor: Microsoft, runtime: C:\Program Files\Microsoft\jdk-17.0.17.10-hotspot
Default locale: en_IN, platform encoding: Cp1252
OS name: "windows 11", version: "10.0", arch: "amd64", family: "windows"
[DEBUG] Created new class realm maven.api
[DEBUG] Importing foreign packages into class realm maven.api
[DEBUG]   Imported: javax.annotation.* < plexus.core
[DEBUG]   Imported: javax.annotation.security.* < plexus.core
[DEBUG]   Imported: javax.inject.* < plexus.core
[DEBUG]   Imported: org.apache.maven.* < plexus.core
[DEBUG]   Imported: org.apache.maven.artifact < plexus.core
[DEBUG]   Imported: org.apache.maven.classrealm < plexus.core
[DEBUG]   Imported: org.apache.maven.cli < plexus.core
[DEBUG]   Imported: org.apache.maven.configuration < plexus.core
[DEBUG]   Imported: org.apache.maven.exception < plexus.core
[DEBUG]   Imported: org.apache.maven.execution < plexus.core
[DEBUG]   Imported: org.apache.maven.execution.scope < plexus.core
[DEBUG]   Imported: org.apache.maven.graph < plexus.core
[DEBUG]   Imported: org.apache.maven.lifecycle < plexus.core
[DEBUG]   Imported: org.apache.maven.model < plexus.core
[DEBUG]   Imported: org.apache.maven.monitor < plexus.core
[DEBUG]   Imported: org.apache.maven.plugin < plexus.core
[DEBUG]   Imported: org.apache.maven.profiles < plexus.core
[DEBUG]   Imported: org.apache.maven.project < plexus.core
[DEBUG]   Imported: org.apache.maven.reporting < plexus.core
[DEBUG]   Imported: org.apache.maven.repository < plexus.core
[DEBUG]   Imported: org.apache.maven.rtinfo < plexus.core
[DEBUG]   Imported: org.apache.maven.settings < plexus.core
[DEBUG]   Imported: org.apache.maven.toolchain < plexus.core
[DEBUG]   Imported: org.apache.maven.usability < plexus.core
[DEBUG]   Imported: org.apache.maven.wagon.* < plexus.core
[DEBUG]   Imported: org.apache.maven.wagon.authentication < plexus.core
[DEBUG]   Imported: org.apache.maven.wagon.authorization < plexus.core
[DEBUG]   Imported: org.apache.maven.wagon.events < plexus.core
[DEBUG]   Imported: org.apache.maven.wagon.observers < plexus.core
[DEBUG]   Imported: org.apache.maven.wagon.proxy < plexus.core
[DEBUG]   Imported: org.apache.maven.wagon.repository < plexus.core
[DEBUG]   Imported: org.apache.maven.wagon.resource < plexus.core
[DEBUG]   Imported: org.codehaus.classworlds < plexus.core
[DEBUG]   Imported: org.codehaus.plexus.* < plexus.core
[DEBUG]   Imported: org.codehaus.plexus.classworlds < plexus.core
[DEBUG]   Imported: org.codehaus.plexus.component < plexus.core
[DEBUG]   Imported: org.codehaus.plexus.configuration < plexus.core
[DEBUG]   Imported: org.codehaus.plexus.container < plexus.core
[DEBUG]   Imported: org.codehaus.plexus.context < plexus.core
[DEBUG]   Imported: org.codehaus.plexus.lifecycle < plexus.core
[DEBUG]   Imported: org.codehaus.plexus.logging < plexus.core
[DEBUG]   Imported: org.codehaus.plexus.personality < plexus.core
[DEBUG]   Imported: org.codehaus.plexus.util.xml.Xpp3Dom < plexus.core
[DEBUG]   Imported: org.codehaus.plexus.util.xml.pull.XmlPullParser < plexus.core
[DEBUG]   Imported: org.codehaus.plexus.util.xml.pull.XmlPullParserException < plexus.core
[DEBUG]   Imported: org.codehaus.plexus.util.xml.pull.XmlSerializer < plexus.core
[DEBUG]   Imported: org.eclipse.aether.* < plexus.core
[DEBUG]   Imported: org.eclipse.aether.artifact < plexus.core
[DEBUG]   Imported: org.eclipse.aether.collection < plexus.core
[DEBUG]   Imported: org.eclipse.aether.deployment < plexus.core
[DEBUG]   Imported: org.eclipse.aether.graph < plexus.core
[DEBUG]   Imported: org.eclipse.aether.impl < plexus.core
[DEBUG]   Imported: org.eclipse.aether.installation < plexus.core
[DEBUG]   Imported: org.eclipse.aether.internal.impl < plexus.core
[DEBUG]   Imported: org.eclipse.aether.metadata < plexus.core
[DEBUG]   Imported: org.eclipse.aether.repository < plexus.core
[DEBUG]   Imported: org.eclipse.aether.resolution < plexus.core
[DEBUG]   Imported: org.eclipse.aether.spi < plexus.core
[DEBUG]   Imported: org.eclipse.aether.transfer < plexus.core
[DEBUG]   Imported: org.eclipse.aether.util < plexus.core
[DEBUG]   Imported: org.eclipse.aether.version < plexus.core
[DEBUG]   Imported: org.fusesource.jansi.* < plexus.core
[DEBUG]   Imported: org.slf4j.* < plexus.core
[DEBUG]   Imported: org.slf4j.event.* < plexus.core
[DEBUG]   Imported: org.slf4j.helpers.* < plexus.core
[DEBUG]   Imported: org.slf4j.spi.* < plexus.core
[DEBUG] Populating class realm maven.api
[DEBUG] Created adapter factory; available factories [file-lock, rwlock-local, semaphore-local, noop]; available name mappers [discriminating, file-gav, file-hgav, file-static, gav, static]
[INFO] Error stacktraces are turned on.
[DEBUG] Message scheme: color
[DEBUG] Message styles: debug info warning error success failure strong mojo project
[DEBUG] Reading global settings from C:\Users\rishi\Downloads\apache-maven-3.9.11-bin\apache-maven-3.9.11\conf\settings.xml
[DEBUG] Reading user settings from C:\Users\rishi\.m2\settings.xml
[DEBUG] Reading global toolchains from C:\Users\rishi\Downloads\apache-maven-3.9.11-bin\apache-maven-3.9.11\conf\toolchains.xml
[DEBUG] Reading user toolchains from C:\Users\rishi\.m2\toolchains.xml
[DEBUG] Using local repository at C:\Users\rishi\.m2\repository
[DEBUG] Using manager EnhancedLocalRepositoryManager with priority 10.0 for C:\Users\rishi\.m2\repository
[INFO] Scanning for projects...
[DEBUG] Creating adapter using nameMapper 'gav' and factory 'rwlock-local'
[DEBUG] Extension realms for project com.example:ShubhVivah:jar:0.0.1-SNAPSHOT: (none)
[DEBUG] Looking up lifecycle mappings for packaging jar from ClassRealm[plexus.core, parent: null]
[DEBUG] Extension realms for project org.springframework.boot:spring-boot-starter-parent:pom:3.4.2: (none)
[DEBUG] Looking up lifecycle mappings for packaging pom from ClassRealm[plexus.core, parent: null]
[DEBUG] Extension realms for project org.springframework.boot:spring-boot-dependencies:pom:3.4.2: (none)
[DEBUG] Looking up lifecycle mappings for packaging pom from ClassRealm[plexus.core, parent: null]
[DEBUG] Resolving plugin prefix spring-boot from [org.apache.maven.plugins, org.codehaus.mojo]
[DEBUG] Resolved plugin prefix spring-boot to org.springframework.boot:spring-boot-maven-plugin from POM com.example:ShubhVivah:jar:0.0.1-SNAPSHOT
[DEBUG] === REACTOR BUILD PLAN ================================================
[DEBUG] Project: com.example:ShubhVivah:jar:0.0.1-SNAPSHOT
[DEBUG] Tasks:   [spring-boot:run]
[DEBUG] Style:   Regular
[DEBUG] =======================================================================
[INFO] 
[INFO] -----------------------< com.example:ShubhVivah >-----------------------
[INFO] Building ShubhVivah 0.0.1-SNAPSHOT
[INFO]   from pom.xml
[INFO] --------------------------------[ jar ]---------------------------------
[DEBUG] Resolving plugin prefix spring-boot from [org.apache.maven.plugins, org.codehaus.mojo]
[DEBUG] Resolved plugin prefix spring-boot to org.springframework.boot:spring-boot-maven-plugin from POM com.example:ShubhVivah:jar:0.0.1-SNAPSHOT
[DEBUG] Lifecycle clean -> [pre-clean, clean, post-clean]
[DEBUG] Lifecycle default -> [validate, initialize, generate-sources, process-sources, generate-resources, process-resources, compile, process-classes, generate-test-sources, process-test-sources, generate-test-resources, process-test-resources, test-compile, process-test-classes, test, prepare-package, package, pre-integration-test, integration-test, post-integration-test, verify, install, deploy]
[DEBUG] Lifecycle site -> [pre-site, site, post-site, site-deploy]
[DEBUG] Lifecycle clean -> [pre-clean, clean, post-clean]
[DEBUG] Lifecycle default -> [validate, initialize, generate-sources, process-sources, generate-resources, process-resources, compile, process-classes, generate-test-sources, process-test-sources, generate-test-resources, process-test-resources, test-compile, process-test-classes, test, prepare-package, package, pre-integration-test, integration-test, post-integration-test, verify, install, deploy]
[DEBUG] Lifecycle site -> [pre-site, site, post-site, site-deploy]
[DEBUG] === PROJECT BUILD PLAN ================================================
[DEBUG] Project:       com.example:ShubhVivah:0.0.1-SNAPSHOT
[DEBUG] Dependencies (collect): []
[DEBUG] Dependencies (resolve): [test]
[DEBUG] Repositories (dependencies): [central (https://repo.maven.apache.org/maven2, default, releases)]
[DEBUG] Repositories (plugins)     : [central (https://repo.maven.apache.org/maven2, default, releases)]
[DEBUG] --- init fork of com.example:ShubhVivah:0.0.1-SNAPSHOT for org.springframework.boot:spring-boot-maven-plugin:3.4.2:run (default-cli) ---
[DEBUG] Dependencies (collect): []
[DEBUG] Dependencies (resolve): [compile, test]
[DEBUG] -----------------------------------------------------------------------
[DEBUG] Goal:          org.apache.maven.plugins:maven-resources-plugin:3.3.1:resources (default-resources)
[DEBUG] Style:         Regular
[DEBUG] Configuration: <?xml version="1.0" encoding="UTF-8"?>
<configuration>
  <addDefaultExcludes default-value="true"/>
  <buildFilters default-value="${project.build.filters}"/>
  <delimiters>
    <delimiter>@</delimiter>
  </delimiters>
  <encoding default-value="${project.build.sourceEncoding}"/>
  <escapeWindowsPaths default-value="true"/>
  <fileNameFiltering default-value="false"/>
  <includeEmptyDirs default-value="false"/>
  <outputDirectory default-value="${project.build.outputDirectory}"/>
  <overwrite default-value="false"/>
  <project default-value="${project}"/>
  <propertiesEncoding>UTF-8</propertiesEncoding>
  <resources default-value="${project.resources}"/>
  <session default-value="${session}"/>
  <skip default-value="false">${maven.resources.skip}</skip>
  <supportMultiLineFiltering default-value="false"/>
  <useBuildFilters default-value="true"/>
  <useDefaultDelimiters default-value="true">false</useDefaultDelimiters>
</configuration>
[DEBUG] -----------------------------------------------------------------------
[DEBUG] Goal:          org.jetbrains.kotlin:kotlin-maven-plugin:2.2.20:compile (compile)
[DEBUG] Style:         Regular
[DEBUG] Configuration: <?xml version="1.0" encoding="UTF-8"?>
<configuration>
  <apiVersion>${kotlin.compiler.apiVersion}</apiVersion>
  <classpath default-value="${project.compileClasspathElements}"/>
  <daemonShutdownDelayMs>${kotlin.compiler.daemon.shutdownDelayMs}</daemonShutdownDelayMs>
  <experimentalCoroutines>${kotlin.compiler.experimental.coroutines}</experimentalCoroutines>
  <incrementalCachesRoot default-value="${project.build.directory}/kotlin-ic">${kotlin.compiler.incremental.cache.root}</incrementalCachesRoot>
  <javaParameters>true</javaParameters>
  <jdkHome>${kotlin.compiler.jdkHome}</jdkHome>
  <jvmTarget>17</jvmTarget>
  <kotlinDaemonJvmArgs>${kotlin.compiler.daemon.jvmArgs}</kotlinDaemonJvmArgs>
  <languageVersion>${kotlin.compiler.languageVersion}</languageVersion>
  <moduleName default-value="${project.artifactId}"/>
  <myIncremental default-value="false">${kotlin.compiler.incremental}</myIncremental>
  <nowarn default-value="false"/>
  <output default-value="${project.build.outputDirectory}"/>
  <project default-value="${project}"/>
  <scriptTemplates>${kotlin.compiler.scriptTemplates}</scriptTemplates>
  <session default-value="${session}"/>
  <sourceDirs>
    <sourceDir>src/main/java</sourceDir>
    <sourceDir>target/generated-sources/annotations</sourceDir>
  </sourceDirs>
  <testClasspath default-value="${project.testClasspathElements}"/>
  <testModuleName default-value="${project.artifactId}-test"/>
  <testOutput default-value="${project.build.testOutputDirectory}"/>
  <useDaemon default-value="true">${kotlin.compiler.daemon}</useDaemon>
  <mojoExecution default-value="${mojoExecution}"/>
</configuration>
[DEBUG] -----------------------------------------------------------------------
[DEBUG] Goal:          org.apache.maven.plugins:maven-compiler-plugin:3.13.0:compile (compile)
[DEBUG] Style:         Regular
[DEBUG] Configuration: <?xml version="1.0" encoding="UTF-8"?>
<configuration>
  <annotationProcessorPaths>
    <path>
      <groupId>org.projectlombok</groupId>
      <artifactId>lombok</artifactId>
    </path>
  </annotationProcessorPaths>
  <annotationProcessorPathsUseDepMgmt default-value="false"/>
  <basedir default-value="${basedir}"/>
  <buildDirectory default-value="${project.build.directory}"/>
  <compilePath default-value="${project.compileClasspathElements}"/>
  <compileSourceRoots default-value="${project.compileSourceRoots}"/>
  <compilerArgs>
    <arg>-parameters</arg>
  </compilerArgs>
  <compilerId default-value="javac">${maven.compiler.compilerId}</compilerId>
  <compilerReuseStrategy default-value="${reuseCreated}">${maven.compiler.compilerReuseStrategy}</compilerReuseStrategy>
  <compilerVersion>${maven.compiler.compilerVersion}</compilerVersion>
  <createMissingPackageInfoClass default-value="true">${maven.compiler.createMissingPackageInfoClass}</createMissingPackageInfoClass>
  <debug default-value="true">${maven.compiler.debug}</debug>
  <debugFileName default-value="javac"/>
  <debuglevel>${maven.compiler.debuglevel}</debuglevel>
  <enablePreview default-value="false">${maven.compiler.enablePreview}</enablePreview>
  <encoding default-value="${project.build.sourceEncoding}">${encoding}</encoding>
  <executable>${maven.compiler.executable}</executable>
  <failOnError default-value="true">${maven.compiler.failOnError}</failOnError>
  <failOnWarning default-value="false">${maven.compiler.failOnWarning}</failOnWarning>
  <fileExtensions default-value="class,jar"/>
  <forceJavacCompilerUse default-value="false">${maven.compiler.forceJavacCompilerUse}</forceJavacCompilerUse>
  <forceLegacyJavacApi default-value="false">${maven.compiler.forceLegacyJavacApi}</forceLegacyJavacApi>
  <fork default-value="false">${maven.compiler.fork}</fork>
  <generatedSourcesDirectory default-value="${project.build.directory}/generated-sources/annotations"/>
  <implicit>${maven.compiler.implicit}</implicit>
  <maxmem>${maven.compiler.maxmem}</maxmem>
  <meminitial>${maven.compiler.meminitial}</meminitial>
  <mojoExecution default-value="${mojoExecution}"/>
  <optimize default-value="false">${maven.compiler.optimize}</optimize>
  <outputDirectory default-value="${project.build.outputDirectory}">${maven.compiler.outputDirectory}</outputDirectory>
  <outputTimestamp default-value="${project.build.outputTimestamp}"/>
  <parameters default-value="false">true</parameters>
  <proc>${maven.compiler.proc}</proc>
  <project default-value="${project}"/>
  <projectArtifact default-value="${project.artifact}"/>
  <release>17</release>
  <session default-value="${session}"/>
  <showCompilationChanges default-value="false">${maven.compiler.showCompilationChanges}</showCompilationChanges>
  <showDeprecation default-value="false">${maven.compiler.showDeprecation}</showDeprecation>
  <showWarnings default-value="true">${maven.compiler.showWarnings}</showWarnings>
  <skipMain>${maven.main.skip}</skipMain>
  <skipMultiThreadWarning default-value="false">${maven.compiler.skipMultiThreadWarning}</skipMultiThreadWarning>
  <source default-value="1.8">17</source>
  <staleMillis default-value="0">${lastModGranularityMs}</staleMillis>
  <target default-value="1.8">17</target>
  <useIncrementalCompilation default-value="true">${maven.compiler.useIncrementalCompilation}</useIncrementalCompilation>
  <verbose default-value="false">${maven.compiler.verbose}</verbose>
</configuration>
[DEBUG] -----------------------------------------------------------------------
[DEBUG] Goal:          org.apache.maven.plugins:maven-resources-plugin:3.3.1:testResources (default-testResources)
[DEBUG] Style:         Regular
[DEBUG] Configuration: <?xml version="1.0" encoding="UTF-8"?>
<configuration>
  <addDefaultExcludes default-value="true"/>
  <buildFilters default-value="${project.build.filters}"/>
  <delimiters>
    <delimiter>@</delimiter>
  </delimiters>
  <encoding default-value="${project.build.sourceEncoding}"/>
  <escapeWindowsPaths default-value="true"/>
  <fileNameFiltering default-value="false"/>
  <includeEmptyDirs default-value="false"/>
  <outputDirectory default-value="${project.build.testOutputDirectory}"/>
  <overwrite default-value="false"/>
  <project default-value="${project}"/>
  <propertiesEncoding>UTF-8</propertiesEncoding>
  <resources default-value="${project.testResources}"/>
  <session default-value="${session}"/>
  <skip default-value="false">${maven.test.skip}</skip>
  <supportMultiLineFiltering default-value="false"/>
  <useBuildFilters default-value="true"/>
  <useDefaultDelimiters default-value="true">false</useDefaultDelimiters>
</configuration>
[DEBUG] -----------------------------------------------------------------------
[DEBUG] Goal:          org.jetbrains.kotlin:kotlin-maven-plugin:2.2.20:test-compile (test-compile)
[DEBUG] Style:         Regular
[DEBUG] Configuration: <?xml version="1.0" encoding="UTF-8"?>
<configuration>
  <apiVersion>${kotlin.compiler.apiVersion}</apiVersion>
  <classpath default-value="${project.compileClasspathElements}"/>
  <daemonShutdownDelayMs>${kotlin.compiler.daemon.shutdownDelayMs}</daemonShutdownDelayMs>
  <defaultSourceDir default-value="${project.testCompileSourceRoots}"/>
  <defaultSourceDirs default-value="${project.testCompileSourceRoots}"/>
  <experimentalCoroutines>${kotlin.compiler.experimental.coroutines}</experimentalCoroutines>
  <incrementalCachesRoot default-value="${project.build.directory}/kotlin-ic">${kotlin.compiler.incremental.cache.root}</incrementalCachesRoot>
  <javaParameters>true</javaParameters>
  <jdkHome>${kotlin.compiler.jdkHome}</jdkHome>
  <jvmTarget>17</jvmTarget>
  <kotlinDaemonJvmArgs>${kotlin.compiler.daemon.jvmArgs}</kotlinDaemonJvmArgs>
  <languageVersion>${kotlin.compiler.languageVersion}</languageVersion>
  <moduleName default-value="${project.artifactId}"/>
  <myIncremental default-value="false">${kotlin.compiler.incremental}</myIncremental>
  <nowarn default-value="false"/>
  <output default-value="${project.build.outputDirectory}"/>
  <project default-value="${project}"/>
  <scriptTemplates>${kotlin.compiler.scriptTemplates}</scriptTemplates>
  <session default-value="${session}"/>
  <skip default-value="false">${maven.test.skip}</skip>
  <sourceDirs>
    <sourceDir>src/test/java</sourceDir>
    <sourceDir>target/generated-test-sources/test-annotations</sourceDir>
  </sourceDirs>
  <testClasspath default-value="${project.testClasspathElements}"/>
  <testModuleName default-value="${project.artifactId}-test"/>
  <testOutput default-value="${project.build.testOutputDirectory}"/>
  <useDaemon default-value="true">${kotlin.compiler.daemon}</useDaemon>
  <mojoExecution default-value="${mojoExecution}"/>
</configuration>
[DEBUG] -----------------------------------------------------------------------
[DEBUG] Goal:          org.apache.maven.plugins:maven-compiler-plugin:3.13.0:testCompile (testCompile)
[DEBUG] Style:         Regular
[DEBUG] Configuration: <?xml version="1.0" encoding="UTF-8"?>
<configuration>
  <annotationProcessorPaths>
    <path>
      <groupId>org.projectlombok</groupId>
      <artifactId>lombok</artifactId>
    </path>
  </annotationProcessorPaths>
  <annotationProcessorPathsUseDepMgmt default-value="false"/>
  <basedir default-value="${basedir}"/>
  <buildDirectory default-value="${project.build.directory}"/>
  <compileSourceRoots default-value="${project.testCompileSourceRoots}"/>
  <compilerArgs>
    <arg>-parameters</arg>
  </compilerArgs>
  <compilerId default-value="javac">${maven.compiler.compilerId}</compilerId>
  <compilerReuseStrategy default-value="${reuseCreated}">${maven.compiler.compilerReuseStrategy}</compilerReuseStrategy>
  <compilerVersion>${maven.compiler.compilerVersion}</compilerVersion>
  <createMissingPackageInfoClass default-value="true">${maven.compiler.createMissingPackageInfoClass}</createMissingPackageInfoClass>
  <debug default-value="true">${maven.compiler.debug}</debug>
  <debugFileName default-value="javac-test"/>
  <debuglevel>${maven.compiler.debuglevel}</debuglevel>
  <enablePreview default-value="false">${maven.compiler.enablePreview}</enablePreview>
  <encoding default-value="${project.build.sourceEncoding}">${encoding}</encoding>
  <executable>${maven.compiler.executable}</executable>
  <failOnError default-value="true">${maven.compiler.failOnError}</failOnError>
  <failOnWarning default-value="false">${maven.compiler.failOnWarning}</failOnWarning>
  <fileExtensions default-value="class,jar"/>
  <forceJavacCompilerUse default-value="false">${maven.compiler.forceJavacCompilerUse}</forceJavacCompilerUse>
  <forceLegacyJavacApi default-value="false">${maven.compiler.forceLegacyJavacApi}</forceLegacyJavacApi>
  <fork default-value="false">${maven.compiler.fork}</fork>
  <generatedTestSourcesDirectory default-value="${project.build.directory}/generated-test-sources/test-annotations"/>
  <implicit>${maven.compiler.implicit}</implicit>
  <maxmem>${maven.compiler.maxmem}</maxmem>
  <meminitial>${maven.compiler.meminitial}</meminitial>
  <mojoExecution default-value="${mojoExecution}"/>
  <optimize default-value="false">${maven.compiler.optimize}</optimize>
  <outputDirectory default-value="${project.build.testOutputDirectory}"/>
  <outputTimestamp default-value="${project.build.outputTimestamp}"/>
  <parameters default-value="false">true</parameters>
  <proc>${maven.compiler.proc}</proc>
  <project default-value="${project}"/>
  <release>17</release>
  <session default-value="${session}"/>
  <showCompilationChanges default-value="false">${maven.compiler.showCompilationChanges}</showCompilationChanges>
  <showDeprecation default-value="false">${maven.compiler.showDeprecation}</showDeprecation>
  <showWarnings default-value="true">${maven.compiler.showWarnings}</showWarnings>
  <skip>${maven.test.skip}</skip>
  <skipMultiThreadWarning default-value="false">${maven.compiler.skipMultiThreadWarning}</skipMultiThreadWarning>
  <source default-value="1.8">17</source>
  <staleMillis default-value="0">${lastModGranularityMs}</staleMillis>
  <target default-value="1.8">17</target>
  <testPath default-value="${project.testClasspathElements}"/>
  <testRelease>${maven.compiler.testRelease}</testRelease>
  <testSource>${maven.compiler.testSource}</testSource>
  <testTarget>${maven.compiler.testTarget}</testTarget>
  <useIncrementalCompilation default-value="true">${maven.compiler.useIncrementalCompilation}</useIncrementalCompilation>
  <useModulePath default-value="true"/>
  <verbose default-value="false">${maven.compiler.verbose}</verbose>
</configuration>
[DEBUG] --- exit fork of com.example:ShubhVivah:0.0.1-SNAPSHOT for org.springframework.boot:spring-boot-maven-plugin:3.4.2:run (default-cli) ---
[DEBUG] -----------------------------------------------------------------------
[DEBUG] Goal:          org.springframework.boot:spring-boot-maven-plugin:3.4.2:run (default-cli)
[DEBUG] Style:         Regular
[DEBUG] Configuration: <?xml version="1.0" encoding="UTF-8"?>
<configuration>
  <addResources default-value="false">${spring-boot.run.addResources}</addResources>
  <additionalClasspathElements>${spring-boot.run.additional-classpath-elements}</additionalClasspathElements>
  <agents>${spring-boot.run.agents}</agents>
  <classesDirectory default-value="${project.build.outputDirectory}"/>
  <commandlineArguments>${spring-boot.run.arguments}</commandlineArguments>
  <excludeGroupIds default-value="">${spring-boot.excludeGroupIds}</excludeGroupIds>
  <excludes>
    <exclude>
      <groupId>org.projectlombok</groupId>
      <artifactId>lombok</artifactId>
    </exclude>${spring-boot.excludes}</excludes>
  <includes>${spring-boot.includes}</includes>
  <jvmArguments>${spring-boot.run.jvmArguments}</jvmArguments>
  <mainClass>${start-class}</mainClass>
  <noverify>${spring-boot.run.noverify}</noverify>
  <optimizedLaunch default-value="true">${spring-boot.run.optimizedLaunch}</optimizedLaunch>
  <profiles>${spring-boot.run.profiles}</profiles>
  <project default-value="${project}"/>
  <session default-value="${session}"/>
  <skip default-value="false">${spring-boot.run.skip}</skip>
  <useTestClasspath default-value="false">${spring-boot.run.useTestClasspath}</useTestClasspath>
  <workingDirectory>${spring-boot.run.workingDirectory}</workingDirectory>
</configuration>
[DEBUG] =======================================================================
[INFO] 
[INFO] >>> spring-boot:3.4.2:run (default-cli) > test-compile @ ShubhVivah >>>
[DEBUG] Using mirror maven-default-http-blocker (http://0.0.0.0/) for apache.snapshots (http://repository.apache.org/snapshots).
[DEBUG] Using mirror maven-default-http-blocker (http://0.0.0.0/) for vaadin-snapshots (http://oss.sonatype.org/content/repositories/vaadin-snapshots/).
[DEBUG] Using mirror maven-default-http-blocker (http://0.0.0.0/) for vaadin-releases (http://oss.sonatype.org/content/repositories/vaadin-releases/).
[DEBUG] Dependency collection stats {ConflictMarker.analyzeTime=1087800, ConflictMarker.markTime=344800, ConflictMarker.nodeCount=269, ConflictIdSorter.graphTime=821801, ConflictIdSorter.topsortTime=459200, ConflictIdSorter.conflictIdCount=127, ConflictIdSorter.conflictIdCycleCount=0, ConflictResolver.totalTime=10090300, ConflictResolver.conflictItemCount=257, DfDependencyCollector.collectTime=556734599, DfDependencyCollector.transformTime=14444501}
[DEBUG] com.example:ShubhVivah:jar:0.0.1-SNAPSHOT
[DEBUG]    org.springframework.boot:spring-boot-starter-data-jpa:jar:3.4.2:compile
[DEBUG]       org.springframework.boot:spring-boot-starter:jar:3.4.2:compile (version managed from 3.4.2)
[DEBUG]          org.springframework.boot:spring-boot-starter-logging:jar:3.4.2:compile (version managed from 3.4.2)
[DEBUG]             ch.qos.logback:logback-classic:jar:1.5.16:compile (version managed from 1.5.16)
[DEBUG]                ch.qos.logback:logback-core:jar:1.5.16:compile (version managed from 1.5.16)
[DEBUG]             org.apache.logging.log4j:log4j-to-slf4j:jar:2.24.3:compile (version managed from 2.24.3)
[DEBUG]                org.apache.logging.log4j:log4j-api:jar:2.24.3:compile (version managed from 2.24.3)
[DEBUG]             org.slf4j:jul-to-slf4j:jar:2.0.16:compile (version managed from 2.0.16)
[DEBUG]          jakarta.annotation:jakarta.annotation-api:jar:2.1.1:compile (version managed from 2.1.1)
[DEBUG]          org.yaml:snakeyaml:jar:2.3:compile (version managed from 2.3)
[DEBUG]       org.springframework.boot:spring-boot-starter-jdbc:jar:3.4.2:compile (version managed from 3.4.2)
[DEBUG]          com.zaxxer:HikariCP:jar:5.1.0:compile (version managed from 5.1.0)
[DEBUG]          org.springframework:spring-jdbc:jar:6.2.2:compile (version managed from 6.2.2)
[DEBUG]       org.hibernate.orm:hibernate-core:jar:6.6.5.Final:compile (version managed from 6.6.5.Final)
[DEBUG]          jakarta.persistence:jakarta.persistence-api:jar:3.1.0:compile (version managed from 3.1.0)
[DEBUG]          jakarta.transaction:jakarta.transaction-api:jar:2.0.1:compile (version managed from 2.0.1)
[DEBUG]          org.jboss.logging:jboss-logging:jar:3.6.1.Final:compile (version managed from 3.5.0.Final)
[DEBUG]          org.hibernate.common:hibernate-commons-annotations:jar:7.0.3.Final:runtime
[DEBUG]          io.smallrye:jandex:jar:3.2.0:runtime
[DEBUG]          com.fasterxml:classmate:jar:1.7.0:compile (version managed from 1.5.1)
[DEBUG]          net.bytebuddy:byte-buddy:jar:1.15.11:runtime (version managed from 1.15.11)
[DEBUG]          org.glassfish.jaxb:jaxb-runtime:jar:4.0.5:runtime (version managed from 4.0.2)
[DEBUG]             org.glassfish.jaxb:jaxb-core:jar:4.0.5:runtime (version managed from 4.0.5)
[DEBUG]                org.glassfish.jaxb:txw2:jar:4.0.5:runtime (version managed from 4.0.5)
[DEBUG]                com.sun.istack:istack-commons-runtime:jar:4.1.2:runtime (version managed from 4.1.2)
[DEBUG]          jakarta.inject:jakarta.inject-api:jar:2.0.1:runtime (version managed from 2.0.1)
[DEBUG]          org.antlr:antlr4-runtime:jar:4.13.0:compile
[DEBUG]       org.springframework.data:spring-data-jpa:jar:3.4.2:compile (version managed from 3.4.2)
[DEBUG]          org.springframework.data:spring-data-commons:jar:3.4.2:compile (version managed from 3.4.2)
[DEBUG]          org.springframework:spring-orm:jar:6.2.2:compile (version managed from 6.2.2)
[DEBUG]          org.springframework:spring-context:jar:6.2.2:compile (version managed from 6.2.2)
[DEBUG]          org.springframework:spring-tx:jar:6.2.2:compile (version managed from 6.2.2)
[DEBUG]          org.springframework:spring-beans:jar:6.2.2:compile (version managed from 6.2.2)
[DEBUG]          org.slf4j:slf4j-api:jar:2.0.16:compile (version managed from 2.0.2)
[DEBUG]       org.springframework:spring-aspects:jar:6.2.2:compile (version managed from 6.2.2)
[DEBUG]          org.aspectj:aspectjweaver:jar:1.9.22.1:compile (version managed from 1.9.22.1)
[DEBUG]    org.springframework.boot:spring-boot-starter-security:jar:3.4.2:compile
[DEBUG]       org.springframework:spring-aop:jar:6.2.2:compile (version managed from 6.2.2)
[DEBUG]       org.springframework.security:spring-security-config:jar:6.4.2:compile (version managed from 6.4.2)
[DEBUG]       org.springframework.security:spring-security-web:jar:6.4.2:compile (version managed from 6.4.2)
[DEBUG]          org.springframework:spring-expression:jar:6.2.2:compile (version managed from 6.2.1)
[DEBUG]    org.springframework.boot:spring-boot-starter-web:jar:3.4.2:compile
[DEBUG]       org.springframework.boot:spring-boot-starter-json:jar:3.4.2:compile (version managed from 3.4.2)
[DEBUG]          com.fasterxml.jackson.datatype:jackson-datatype-jdk8:jar:2.18.2:compile (version managed from 2.18.2)
[DEBUG]          com.fasterxml.jackson.module:jackson-module-parameter-names:jar:2.18.2:compile (version managed from 2.18.2)
[DEBUG]       org.springframework.boot:spring-boot-starter-tomcat:jar:3.4.2:compile (version managed from 3.4.2)
[DEBUG]          org.apache.tomcat.embed:tomcat-embed-core:jar:10.1.34:compile (version managed from 10.1.34)
[DEBUG]          org.apache.tomcat.embed:tomcat-embed-websocket:jar:10.1.34:compile (version managed from 10.1.34)
[DEBUG]       org.springframework:spring-web:jar:6.2.2:compile (version managed from 6.2.2)
[DEBUG]          io.micrometer:micrometer-observation:jar:1.14.3:compile (version managed from 1.14.3)
[DEBUG]             io.micrometer:micrometer-commons:jar:1.14.3:compile (version managed from 1.14.3)
[DEBUG]       org.springframework:spring-webmvc:jar:6.2.2:compile (version managed from 6.2.2)
[DEBUG]    org.springframework.boot:spring-boot-starter-validation:jar:3.4.2:compile
[DEBUG]       org.apache.tomcat.embed:tomcat-embed-el:jar:10.1.34:compile (version managed from 10.1.34)
[DEBUG]       org.hibernate.validator:hibernate-validator:jar:8.0.2.Final:compile (version managed from 8.0.2.Final)
[DEBUG]          jakarta.validation:jakarta.validation-api:jar:3.0.2:compile (version managed from 3.0.2)
[DEBUG]    org.springframework.boot:spring-boot-starter-mail:jar:3.4.2:compile
[DEBUG]       org.springframework:spring-context-support:jar:6.2.2:compile (version managed from 6.2.2)
[DEBUG]       org.eclipse.angus:jakarta.mail:jar:2.0.3:compile (version managed from 2.0.3)
[DEBUG]          jakarta.activation:jakarta.activation-api:jar:2.1.3:compile (version managed from 2.1.3)
[DEBUG]          org.eclipse.angus:angus-activation:jar:2.0.2:runtime (version managed from 2.0.2)
[DEBUG]    org.springframework.boot:spring-boot-starter-websocket:jar:3.4.2:compile
[DEBUG]       org.springframework:spring-messaging:jar:6.2.2:compile (version managed from 6.2.2)
[DEBUG]       org.springframework:spring-websocket:jar:6.2.2:compile (version managed from 6.2.2)
[DEBUG]    org.springframework.boot:spring-boot-devtools:jar:3.4.2:runtime (optional)
[DEBUG]       org.springframework.boot:spring-boot:jar:3.4.2:compile (version managed from 3.4.2)
[DEBUG]       org.springframework.boot:spring-boot-autoconfigure:jar:3.4.2:compile (version managed from 3.4.2)
[DEBUG]    com.h2database:h2:jar:2.3.232:runtime
[DEBUG]    org.postgresql:postgresql:jar:42.7.5:runtime
[DEBUG]       org.checkerframework:checker-qual:jar:3.48.3:runtime
[DEBUG]    org.flywaydb:flyway-core:jar:10.20.1:compile
[DEBUG]       com.fasterxml.jackson.dataformat:jackson-dataformat-toml:jar:2.18.2:compile (version managed from 2.15.2)
[DEBUG]          com.fasterxml.jackson.core:jackson-core:jar:2.18.2:compile (version managed from 2.18.2)
[DEBUG]       com.fasterxml.jackson.datatype:jackson-datatype-jsr310:jar:2.18.2:compile (version managed from 2.15.2)
[DEBUG]          com.fasterxml.jackson.core:jackson-annotations:jar:2.18.2:compile (version managed from 2.18.2)
[DEBUG]    org.flywaydb:flyway-database-postgresql:jar:10.20.1:compile
[DEBUG]    io.jsonwebtoken:jjwt-api:jar:0.11.5:compile
[DEBUG]    io.jsonwebtoken:jjwt-impl:jar:0.11.5:runtime
[DEBUG]    io.jsonwebtoken:jjwt-jackson:jar:0.11.5:runtime
[DEBUG]       com.fasterxml.jackson.core:jackson-databind:jar:2.18.2:compile (version managed from 2.12.6.1)
[DEBUG]    com.cloudinary:cloudinary-http44:jar:1.39.0:compile
[DEBUG]       com.cloudinary:cloudinary-core:jar:1.39.0:compile
[DEBUG]       org.apache.commons:commons-lang3:jar:3.17.0:compile (version managed from 3.1)
[DEBUG]       org.apache.httpcomponents:httpclient:jar:4.4:compile
[DEBUG]          org.apache.httpcomponents:httpcore:jar:4.4.16:compile (version managed from 4.4)
[DEBUG]          commons-logging:commons-logging:jar:1.2:compile
[DEBUG]          commons-codec:commons-codec:jar:1.17.2:compile (version managed from 1.9)
[DEBUG]       org.apache.httpcomponents:httpmime:jar:4.4:compile
[DEBUG]    io.github.cdimascio:dotenv-java:jar:3.0.0:compile
[DEBUG]    org.projectlombok:lombok:jar:1.18.36:compile (optional)
[DEBUG]    org.jetbrains.kotlin:kotlin-stdlib-jdk8:jar:2.2.20:compile
[DEBUG]       org.jetbrains.kotlin:kotlin-stdlib:jar:2.2.20:compile (version managed from 2.2.20)
[DEBUG]          org.jetbrains:annotations:jar:13.0:compile
[DEBUG]       org.jetbrains.kotlin:kotlin-stdlib-jdk7:jar:2.2.20:compile (version managed from 2.2.20)
[DEBUG]    org.springframework.boot:spring-boot-starter-test:jar:3.4.2:test
[DEBUG]       org.springframework.boot:spring-boot-test:jar:3.4.2:test (version managed from 3.4.2)
[DEBUG]       org.springframework.boot:spring-boot-test-autoconfigure:jar:3.4.2:test (version managed from 3.4.2)
[DEBUG]       com.jayway.jsonpath:json-path:jar:2.9.0:test (version managed from 2.9.0)
[DEBUG]       jakarta.xml.bind:jakarta.xml.bind-api:jar:4.0.2:runtime (version managed from 4.0.2)
[DEBUG]       net.minidev:json-smart:jar:2.5.1:test (version managed from 2.5.1)
[DEBUG]          net.minidev:accessors-smart:jar:2.5.1:test
[DEBUG]             org.ow2.asm:asm:jar:9.6:test
[DEBUG]       org.assertj:assertj-core:jar:3.26.3:test (version managed from 3.26.3)
[DEBUG]       org.awaitility:awaitility:jar:4.2.2:test (version managed from 4.2.2)
[DEBUG]       org.hamcrest:hamcrest:jar:2.2:test (version managed from 2.2)
[DEBUG]       org.junit.jupiter:junit-jupiter:jar:5.11.4:test (version managed from 5.11.4)
[DEBUG]          org.junit.jupiter:junit-jupiter-api:jar:5.11.4:test (version managed from 5.11.4)
[DEBUG]             org.opentest4j:opentest4j:jar:1.3.0:test
[DEBUG]             org.junit.platform:junit-platform-commons:jar:1.11.4:test (version managed from 1.11.4)
[DEBUG]             org.apiguardian:apiguardian-api:jar:1.1.2:test
[DEBUG]          org.junit.jupiter:junit-jupiter-params:jar:5.11.4:test (version managed from 5.11.4)
[DEBUG]          org.junit.jupiter:junit-jupiter-engine:jar:5.11.4:test (version managed from 5.11.4)
[DEBUG]             org.junit.platform:junit-platform-engine:jar:1.11.4:test (version managed from 1.11.4)
[DEBUG]       org.mockito:mockito-core:jar:5.14.2:test (version managed from 5.14.2)
[DEBUG]          net.bytebuddy:byte-buddy-agent:jar:1.15.11:test (version managed from 1.15.4)
[DEBUG]          org.objenesis:objenesis:jar:3.3:test
[DEBUG]       org.mockito:mockito-junit-jupiter:jar:5.14.2:test (version managed from 5.14.2)
[DEBUG]       org.skyscreamer:jsonassert:jar:1.5.3:test (version managed from 1.5.3)
[DEBUG]          com.vaadin.external.google:android-json:jar:0.0.20131108.vaadin1:test
[DEBUG]       org.springframework:spring-core:jar:6.2.2:compile (version managed from 6.2.2)
[DEBUG]          org.springframework:spring-jcl:jar:6.2.2:compile (version managed from 6.2.2)
[DEBUG]       org.springframework:spring-test:jar:6.2.2:test (version managed from 6.2.2)
[DEBUG]       org.xmlunit:xmlunit-core:jar:2.10.0:test (version managed from 2.10.0)
[DEBUG]    org.springframework.security:spring-security-test:jar:6.4.2:test
[DEBUG]       org.springframework.security:spring-security-core:jar:6.4.2:compile (version managed from 6.4.2)
[DEBUG]          org.springframework.security:spring-security-crypto:jar:6.4.2:compile (version managed from 6.4.2)
[DEBUG]    org.jetbrains.kotlin:kotlin-test:jar:2.2.20:test
[INFO] 
[INFO] --- resources:3.3.1:resources (default-resources) @ ShubhVivah ---
[DEBUG] Dependency collection stats {ConflictMarker.analyzeTime=106600, ConflictMarker.markTime=23200, ConflictMarker.nodeCount=13, ConflictIdSorter.graphTime=102201, ConflictIdSorter.topsortTime=18300, ConflictIdSorter.conflictIdCount=9, ConflictIdSorter.conflictIdCycleCount=0, ConflictResolver.totalTime=269501, ConflictResolver.conflictItemCount=13, DfDependencyCollector.collectTime=51885900, DfDependencyCollector.transformTime=541100}
[DEBUG] org.apache.maven.plugins:maven-resources-plugin:jar:3.3.1
[DEBUG]    org.codehaus.plexus:plexus-interpolation:jar:1.26:runtime
[DEBUG]    org.codehaus.plexus:plexus-utils:jar:3.5.1:compile
[DEBUG]    org.apache.maven.shared:maven-filtering:jar:3.3.1:compile
[DEBUG]       javax.inject:javax.inject:jar:1:compile
[DEBUG]       org.slf4j:slf4j-api:jar:1.7.36:compile
[DEBUG]       org.sonatype.plexus:plexus-build-api:jar:0.0.7:compile
[DEBUG]    commons-io:commons-io:jar:2.11.0:compile
[DEBUG]    org.apache.commons:commons-lang3:jar:3.12.0:compile
[DEBUG] Created new class realm plugin>org.apache.maven.plugins:maven-resources-plugin:3.3.1
[DEBUG] Importing foreign packages into class realm plugin>org.apache.maven.plugins:maven-resources-plugin:3.3.1
[DEBUG]   Imported:  < maven.api
[DEBUG] Populating class realm plugin>org.apache.maven.plugins:maven-resources-plugin:3.3.1
[DEBUG]   Included: org.apache.maven.plugins:maven-resources-plugin:jar:3.3.1
[DEBUG]   Included: org.codehaus.plexus:plexus-interpolation:jar:1.26
[DEBUG]   Included: org.codehaus.plexus:plexus-utils:jar:3.5.1
[DEBUG]   Included: org.apache.maven.shared:maven-filtering:jar:3.3.1
[DEBUG]   Included: org.sonatype.plexus:plexus-build-api:jar:0.0.7
[DEBUG]   Included: commons-io:commons-io:jar:2.11.0
[DEBUG]   Included: org.apache.commons:commons-lang3:jar:3.12.0
[DEBUG] Loading mojo org.apache.maven.plugins:maven-resources-plugin:3.3.1:resources from plugin realm ClassRealm[plugin>org.apache.maven.plugins:maven-resources-plugin:3.3.1, parent: jdk.internal.loader.ClassLoaders$AppClassLoader@73d16e93]
[DEBUG] Configuring mojo execution 'org.apache.maven.plugins:maven-resources-plugin:3.3.1:resources:default-resources' with basic configurator -->
[DEBUG]   (f) addDefaultExcludes = true
[DEBUG]   (f) buildFilters = []
[DEBUG]   (s) delimiters = [@]
[DEBUG]   (f) encoding = UTF-8
[DEBUG]   (f) escapeWindowsPaths = true
[DEBUG]   (f) fileNameFiltering = false
[DEBUG]   (s) includeEmptyDirs = false
[DEBUG]   (s) outputDirectory = C:\Users\rishi\OneDrive\Desktop\demo-App\Shubh-vivah-app\backend\OneDrive\Desktop\ShubhVivah-User-Application\target\classes
[DEBUG]   (s) overwrite = false
[DEBUG]   (f) project = MavenProject: com.example:ShubhVivah:0.0.1-SNAPSHOT @ C:\Users\rishi\OneDrive\Desktop\demo-App\Shubh-vivah-app\backend\OneDrive\Desktop\ShubhVivah-User-Application\pom.xml
[DEBUG]   (f) propertiesEncoding = UTF-8
[DEBUG]   (s) resources = [Resource {targetPath: null, filtering: true, FileSet {directory: C:\Users\rishi\OneDrive\Desktop\demo-App\Shubh-vivah-app\backend\OneDrive\Desktop\ShubhVivah-User-Application\src\main\resources, PatternSet [includes: {**/application*.yml, **/application*.yaml, **/application*.properties}, excludes: {}]}}, Resource {targetPath: null, filtering: false, FileSet {directory: C:\Users\rishi\OneDrive\Desktop\demo-App\Shubh-vivah-app\backend\OneDrive\Desktop\ShubhVivah-User-Application\src\main\resources, PatternSet [includes: {}, excludes: {**/application*.yml, **/application*.yaml, **/application*.properties}]}}]
[DEBUG]   (f) session = org.apache.maven.execution.MavenSession@3c78e551
[DEBUG]   (f) skip = false
[DEBUG]   (f) supportMultiLineFiltering = false
[DEBUG]   (f) useBuildFilters = true
[DEBUG]   (s) useDefaultDelimiters = false
[DEBUG] -- end configuration --
[DEBUG] properties used:
[DEBUG] activemq.version: 6.1.5
[DEBUG] angus-mail.version: 2.0.3
[DEBUG] artemis.version: 2.37.0
[DEBUG] aspectj.version: 1.9.22.1
[DEBUG] assertj.version: 3.26.3
[DEBUG] awaitility.version: 4.2.2
[DEBUG] brave.version: 6.0.3
[DEBUG] build-helper-maven-plugin.version: 3.6.0
[DEBUG] byte-buddy.version: 1.15.11
[DEBUG] cache2k.version: 2.6.1.Final
[DEBUG] caffeine.version: 3.1.8
[DEBUG] cassandra-driver.version: 4.18.1
[DEBUG] classmate.version: 1.7.0
[DEBUG] classworlds.conf: C:\Users\rishi\Downloads\apache-maven-3.9.11-bin\apache-maven-3.9.11\bin\m2.conf
[DEBUG] commons-codec.version: 1.17.2
[DEBUG] commons-dbcp2.version: 2.12.0
[DEBUG] commons-lang3.version: 3.17.0
[DEBUG] commons-pool.version: 1.6
[DEBUG] commons-pool2.version: 2.12.0
[DEBUG] couchbase-client.version: 3.7.7
[DEBUG] crac.version: 1.5.0
[DEBUG] cyclonedx-maven-plugin.version: 2.9.1
[DEBUG] db2-jdbc.version: 11.5.9.0
[DEBUG] dependency-management-plugin.version: 1.1.7
[DEBUG] derby.version: 10.16.1.1
[DEBUG] ehcache3.version: 3.10.8
[DEBUG] elasticsearch-client.version: 8.15.5
[DEBUG] env.=C:: C:\Users\rishi\OneDrive\Desktop\demo-App\Shubh-vivah-app\backend\OneDrive\Desktop\ShubhVivah-User-Application
[DEBUG] env.=EXITCODE: 00000000
[DEBUG] env.ALLUSERSPROFILE: C:\ProgramData
[DEBUG] env.AMDRMSDKPATH: C:\Program Files\AMD\RyzenMasterSDK\
[DEBUG] env.ANDROID_HOME: C:\Users\rishi\AppData\Local\Android\Sdk
[DEBUG] env.ANTIGRAVITY_AGENT: 1
[DEBUG] env.ANTIGRAVITY_CLI_ALIAS: agy
[DEBUG] env.APPDATA: C:\Users\rishi\AppData\Roaming
[DEBUG] env.CHOCOLATEYINSTALL: C:\ProgramData\chocolatey
[DEBUG] env.CHOCOLATEYLASTPATHUPDATE: 134082889227266363
[DEBUG] env.CHROME_CRASHPAD_PIPE_NAME: \\.\pipe\crashpad_40344_NASWXKMDPHWAZWQB
[DEBUG] env.CLASSWORLDS_JAR: "C:\Users\rishi\Downloads\apache-maven-3.9.11-bin\apache-maven-3.9.11\boot\plexus-classworlds-2.9.0.jar"
[DEBUG] env.CLASSWORLDS_LAUNCHER: org.codehaus.plexus.classworlds.launcher.Launcher
[DEBUG] env.COLORTERM: truecolor
[DEBUG] env.COMMONPROGRAMFILES: C:\Program Files\Common Files
[DEBUG] env.COMMONPROGRAMFILES(X86): C:\Program Files (x86)\Common Files
[DEBUG] env.COMMONPROGRAMW6432: C:\Program Files\Common Files
[DEBUG] env.COMPUTERNAME: RISHI
[DEBUG] env.COMSPEC: C:\windows\system32\cmd.exe
[DEBUG] env.CURL_CA_BUNDLE: C:\Program Files\PostgreSQL\17\ssl\certs\ca-bundle.crt
[DEBUG] env.DRIVERDATA: C:\Windows\System32\Drivers\DriverData
[DEBUG] env.EFC_12012_1592913036: 1
[DEBUG] env.ERROR_CODE: 0
[DEBUG] env.EXEC_DIR: C:\Users\rishi\OneDrive\Desktop\demo-App\Shubh-vivah-app\backend\OneDrive\Desktop\ShubhVivah-User-Application
[DEBUG] env.FPS_BROWSER_APP_PROFILE_STRING: Internet Explorer
[DEBUG] env.FPS_BROWSER_USER_PROFILE_STRING: Default
[DEBUG] env.GDAL_DATA: C:\Program Files\PostgreSQL\17\gdal-data
[DEBUG] env.GIT_ASKPASS: c:\Users\rishi\AppData\Local\Programs\Antigravity\resources\app\extensions\git\dist\askpass.sh
[DEBUG] env.HOMEDRIVE: C:
[DEBUG] env.HOMEPATH: \Users\rishi
[DEBUG] env.JAVACMD: C:\Program Files\Microsoft\jdk-17.0.17.10-hotspot\\bin\java.exe
[DEBUG] env.JAVA_HOME: C:\Program Files\Microsoft\jdk-17.0.17.10-hotspot\
[DEBUG] env.JVMCONFIG: \.mvn\jvm.config
[DEBUG] env.LANG: en_US.UTF-8
[DEBUG] env.LOCALAPPDATA: C:\Users\rishi\AppData\Local
[DEBUG] env.LOGONSERVER: \\RISHI
[DEBUG] env.MAVEN_CMD_LINE_ARGS: spring-boot:run -X
[DEBUG] env.MAVEN_HOME: C:\Users\rishi\Downloads\apache-maven-3.9.11-bin\apache-maven-3.9.11
[DEBUG] env.MAVEN_OPTS: --enable-native-access=ALL-UNNAMED 
[DEBUG] env.MAVEN_PROJECTBASEDIR: C:\Users\rishi\OneDrive\Desktop\demo-App\Shubh-vivah-app\backend\OneDrive\Desktop\ShubhVivah-User-Application
[DEBUG] env.NUMBER_OF_PROCESSORS: 16
[DEBUG] env.ONEDRIVE: C:\Users\rishi\OneDrive
[DEBUG] env.ONEDRIVECONSUMER: C:\Users\rishi\OneDrive
[DEBUG] env.ONLINESERVICES: Online Services
[DEBUG] env.OS: Windows_NT
[DEBUG] env.PAGER: cat
[DEBUG] env.PATH: C:\Program Files\Microsoft\jdk-17.0.17.10-hotspot\bin;C:\Python314\Scripts\;C:\Python314\;C:\Program Files\Common Files\Oracle\Java\javapath;C:\windows\system32;C:\windows;C:\windows\System32\Wbem;C:\windows\System32\WindowsPowerShell\v1.0\;C:\windows\System32\OpenSSH\;C:\Program Files (x86)\NVIDIA Corporation\PhysX\Common;C:\Program Files\NVIDIA Corporation\NVIDIA NvDLISR;C:\Users\Administrator\AppData\Local\Microsoft\WindowsApps;C:\Program Files\HP\OMEN-Broadcast\Common;C:\Program Files\HP\HP One Agent;C:\Program Files\Git\cmd;C:\Program Files\Java\jdk-17\bin;C:\flutter\bin;C:\ProgramData\chocolatey\bin;C:\Users\rishi\Downloads\apache-maven-3.9.11-bin\apache-maven-3.9.11\bin;C:\Program Files\nodejs\;C:\Program Files\MySQL\MySQL Shell 8.0\bin\;C:\Users\rishi\AppData\Local\Programs\Python\Python313\Scripts\;C:\Users\rishi\AppData\Local\Programs\Python\Python313\;C:\Users\rishi\AppData\Local\Microsoft\WindowsApps;C:\Program Files\MySQL\MySQL Server 8.0\bin;C:\flutter\bin;C:\Users\rishi\AppData\Local\Programs\Microsoft VS Code\bin;C:\Users\rishi\AppData\Roaming\npm;C:\Users\rishi\AppData\Local\Android\Sdk\platform-tools;C:\Users\rishi\AppData\Local\Programs\Antigravity\bin;C:\Users\rishi\AppData\Local\Programs\Windsurf\bin;C:\Users\rishi\AppData\Local\Programs\cursor\resources\app\bin;c:\Users\rishi\.antigravity\extensions\vscjava.vscode-java-debug-0.58.5-universal\bundled\scripts\noConfigScripts
[DEBUG] env.PATHEXT: .COM;.EXE;.BAT;.CMD;.VBS;.VBE;.JS;.JSE;.WSF;.WSH;.MSC;.PY;.PYW;.CPL
[DEBUG] env.PLATFORMCODE: M7
[DEBUG] env.POSTGIS_ENABLE_OUTDB_RASTERS: 1
[DEBUG] env.POSTGIS_GDAL_ENABLED_DRIVERS: GTiff PNG JPEG GIF XYZ DTED USGSDEM AAIGrid
[DEBUG] env.PROCESSOR_ARCHITECTURE: AMD64
[DEBUG] env.PROCESSOR_IDENTIFIER: AMD64 Family 25 Model 116 Stepping 1, AuthenticAMD
[DEBUG] env.PROCESSOR_LEVEL: 25
[DEBUG] env.PROCESSOR_REVISION: 7401
[DEBUG] env.PROGRAMDATA: C:\ProgramData
[DEBUG] env.PROGRAMFILES: C:\Program Files
[DEBUG] env.PROGRAMFILES(X86): C:\Program Files (x86)
[DEBUG] env.PROGRAMW6432: C:\Program Files
[DEBUG] env.PROJ_LIB: C:\Program Files\PostgreSQL\17\share\contrib\postgis-3.5\proj
[DEBUG] env.PROMPT: $P$G
[DEBUG] env.PSMODULEPATH: C:\Users\rishi\OneDrive\Documents\WindowsPowerShell\Modules;C:\Program Files\WindowsPowerShell\Modules;C:\windows\system32\WindowsPowerShell\v1.0\Modules
[DEBUG] env.PUBLIC: C:\Users\Public
[DEBUG] env.REGIONCODE: APJ
[DEBUG] env.SESSIONNAME: Console
[DEBUG] env.SYSTEMDRIVE: C:
[DEBUG] env.SYSTEMROOT: C:\windows
[DEBUG] env.TEMP: C:\Users\rishi\AppData\Local\Temp
[DEBUG] env.TERM_PROGRAM: vscode
[DEBUG] env.TERM_PROGRAM_VERSION: 1.107.0
[DEBUG] env.TMP: C:\Users\rishi\AppData\Local\Temp
[DEBUG] env.USERDOMAIN: RISHI
[DEBUG] env.USERDOMAIN_ROAMINGPROFILE: RISHI
[DEBUG] env.USERNAME: rishi
[DEBUG] env.USERPROFILE: C:\Users\rishi
[DEBUG] env.VSCODE_GIT_ASKPASS_EXTRA_ARGS: 
[DEBUG] env.VSCODE_GIT_ASKPASS_MAIN: c:\Users\rishi\AppData\Local\Programs\Antigravity\resources\app\extensions\git\dist\askpass-main.js
[DEBUG] env.VSCODE_GIT_ASKPASS_NODE: C:\Users\rishi\AppData\Local\Programs\Antigravity\Antigravity.exe
[DEBUG] env.VSCODE_GIT_IPC_HANDLE: \\.\pipe\vscode-git-ff98740ac8-sock
[DEBUG] env.VSCODE_INJECTION: 1
[DEBUG] env.VSCODE_JAVA_EXEC: C:\Program Files\Microsoft\jdk-17.0.17.10-hotspot\bin\java
[DEBUG] env.VSCODE_JDWP_ADAPTER_ENDPOINTS: c:\Users\rishi\.antigravity\extensions\vscjava.vscode-java-debug-0.58.5-universal\.noConfigDebugAdapterEndpoints\endpoint-dd830c80dd34ee24.txt
[DEBUG] env.VSCODE_PYTHON_AUTOACTIVATE_GUARD: 1
[DEBUG] env.WDIR: C:\Users\rishi\OneDrive\Desktop\demo-App\Shubh-vivah-app\backend\OneDrive\Desktop\ShubhVivah-User-Application
[DEBUG] env.WINDIR: C:\windows
[DEBUG] file.encoding: Cp1252
[DEBUG] file.separator: \
[DEBUG] flyway.version: 10.20.1
[DEBUG] freemarker.version: 2.3.34
[DEBUG] git-commit-id-maven-plugin.version: 9.0.1
[DEBUG] glassfish-jaxb.version: 4.0.5
[DEBUG] glassfish-jstl.version: 3.0.1
[DEBUG] graphql-java.version: 22.3
[DEBUG] groovy.version: 4.0.24
[DEBUG] gson.version: 2.11.0
[DEBUG] h2.version: 2.3.232
[DEBUG] hamcrest.version: 2.2
[DEBUG] hazelcast.version: 5.5.0
[DEBUG] hibernate-validator.version: 8.0.2.Final
[DEBUG] hibernate.version: 6.6.5.Final
[DEBUG] hikaricp.version: 5.1.0
[DEBUG] hsqldb.version: 2.7.3
[DEBUG] htmlunit.version: 4.5.0
[DEBUG] httpasyncclient.version: 4.1.5
[DEBUG] httpclient5.version: 5.4.1
[DEBUG] httpcore.version: 4.4.16
[DEBUG] httpcore5.version: 5.3.2
[DEBUG] infinispan.version: 15.0.12.Final
[DEBUG] influxdb-java.version: 2.24
[DEBUG] jackson-bom.version: 2.18.2
[DEBUG] jakarta-activation.version: 2.1.3
[DEBUG] jakarta-annotation.version: 2.1.1
[DEBUG] jakarta-inject.version: 2.0.1
[DEBUG] jakarta-jms.version: 3.1.0
[DEBUG] jakarta-json-bind.version: 3.0.1
[DEBUG] jakarta-json.version: 2.1.3
[DEBUG] jakarta-mail.version: 2.1.3
[DEBUG] jakarta-management.version: 1.1.4
[DEBUG] jakarta-persistence.version: 3.1.0
[DEBUG] jakarta-servlet-jsp-jstl.version: 3.0.2
[DEBUG] jakarta-servlet.version: 6.0.0
[DEBUG] jakarta-transaction.version: 2.0.1
[DEBUG] jakarta-validation.version: 3.0.2
[DEBUG] jakarta-websocket.version: 2.1.1
[DEBUG] jakarta-ws-rs.version: 3.1.0
[DEBUG] jakarta-xml-bind.version: 4.0.2
[DEBUG] jakarta-xml-soap.version: 3.0.2
[DEBUG] jakarta-xml-ws.version: 4.0.2
[DEBUG] janino.version: 3.1.12
[DEBUG] java.class.path: C:\Users\rishi\Downloads\apache-maven-3.9.11-bin\apache-maven-3.9.11\boot\plexus-classworlds-2.9.0.jar
[DEBUG] java.class.version: 61.0
[DEBUG] java.home: C:\Program Files\Microsoft\jdk-17.0.17.10-hotspot
[DEBUG] java.io.tmpdir: C:\Users\rishi\AppData\Local\Temp\
[DEBUG] java.library.path: C:\Program Files\Microsoft\jdk-17.0.17.10-hotspot\bin;C:\windows\Sun\Java\bin;C:\windows\system32;C:\windows;C:\Program Files\Microsoft\jdk-17.0.17.10-hotspot\bin;C:\Python314\Scripts\;C:\Python314\;C:\Program Files\Common Files\Oracle\Java\javapath;C:\windows\system32;C:\windows;C:\windows\System32\Wbem;C:\windows\System32\WindowsPowerShell\v1.0\;C:\windows\System32\OpenSSH\;C:\Program Files (x86)\NVIDIA Corporation\PhysX\Common;C:\Program Files\NVIDIA Corporation\NVIDIA NvDLISR;C:\Users\Administrator\AppData\Local\Microsoft\WindowsApps;C:\Program Files\HP\OMEN-Broadcast\Common;C:\Program Files\HP\HP One Agent;C:\Program Files\Git\cmd;C:\Program Files\Java\jdk-17\bin;C:\flutter\bin;C:\ProgramData\chocolatey\bin;C:\Users\rishi\Downloads\apache-maven-3.9.11-bin\apache-maven-3.9.11\bin;C:\Program Files\nodejs\;C:\Program Files\MySQL\MySQL Shell 8.0\bin\;C:\Users\rishi\AppData\Local\Programs\Python\Python313\Scripts\;C:\Users\rishi\AppData\Local\Programs\Python\Python313\;C:\Users\rishi\AppData\Local\Microsoft\WindowsApps;C:\Program Files\MySQL\MySQL Server 8.0\bin;C:\flutter\bin;C:\Users\rishi\AppData\Local\Programs\Microsoft VS Code\bin;C:\Users\rishi\AppData\Roaming\npm;C:\Users\rishi\AppData\Local\Android\Sdk\platform-tools;C:\Users\rishi\AppData\Local\Programs\Antigravity\bin;C:\Users\rishi\AppData\Local\Programs\Windsurf\bin;C:\Users\rishi\AppData\Local\Programs\cursor\resources\app\bin;c:\Users\rishi\.antigravity\extensions\vscjava.vscode-java-debug-0.58.5-universal\bundled\scripts\noConfigScripts;.
[DEBUG] java.runtime.name: OpenJDK Runtime Environment
[DEBUG] java.runtime.version: 17.0.17+10-LTS
[DEBUG] java.specification.maintenance.version: 1
[DEBUG] java.specification.name: Java Platform API Specification
[DEBUG] java.specification.vendor: Oracle Corporation
[DEBUG] java.specification.version: 17
[DEBUG] java.vendor: Microsoft
[DEBUG] java.vendor.url: https://www.microsoft.com
[DEBUG] java.vendor.url.bug: https://github.com/microsoft/openjdk/issues
[DEBUG] java.vendor.version: Microsoft-12574423
[DEBUG] java.version: 17.0.17
[DEBUG] java.version.date: 2025-10-21
[DEBUG] java.vm.compressedOopsMode: Zero based
[DEBUG] java.vm.info: mixed mode, sharing
[DEBUG] java.vm.name: OpenJDK 64-Bit Server VM
[DEBUG] java.vm.specification.name: Java Virtual Machine Specification
[DEBUG] java.vm.specification.vendor: Oracle Corporation
[DEBUG] java.vm.specification.version: 17
[DEBUG] java.vm.vendor: Microsoft
[DEBUG] java.vm.version: 17.0.17+10-LTS
[DEBUG] javax-cache.version: 1.1.1
[DEBUG] javax-money.version: 1.1
[DEBUG] jaxen.version: 2.0.0
[DEBUG] jaybird.version: 5.0.6.java11
[DEBUG] jboss-logging.version: 3.6.1.Final
[DEBUG] jdk.debug: release
[DEBUG] jdom2.version: 2.0.6.1
[DEBUG] jedis.version: 5.2.0
[DEBUG] jersey.version: 3.1.10
[DEBUG] jetty-reactive-httpclient.version: 4.0.8
[DEBUG] jetty.version: 12.0.16
[DEBUG] jmustache.version: 1.16
[DEBUG] jooq.version: 3.19.18
[DEBUG] json-path.version: 2.9.0
[DEBUG] json-smart.version: 2.5.1
[DEBUG] jsonassert.version: 1.5.3
[DEBUG] jtds.version: 1.3.1
[DEBUG] junit-jupiter.version: 5.11.4
[DEBUG] junit.version: 4.13.2
[DEBUG] kafka.version: 3.8.1
[DEBUG] kotlin-coroutines.version: 1.8.1
[DEBUG] kotlin-serialization.version: 1.6.3
[DEBUG] kotlin.version: 2.2.20
[DEBUG] lettuce.version: 6.4.2.RELEASE
[DEBUG] library.jansi.path: C:\Users\rishi\Downloads\apache-maven-3.9.11-bin\apache-maven-3.9.11\lib\jansi-native
[DEBUG] line.separator: 

[DEBUG] liquibase.version: 4.29.2
[DEBUG] log4j2.version: 2.24.3
[DEBUG] logback.version: 1.5.16
[DEBUG] lombok.version: 1.18.36
[DEBUG] mariadb.version: 3.4.1
[DEBUG] maven-antrun-plugin.version: 3.1.0
[DEBUG] maven-assembly-plugin.version: 3.7.1
[DEBUG] maven-clean-plugin.version: 3.4.0
[DEBUG] maven-compiler-plugin.version: 3.13.0
[DEBUG] maven-dependency-plugin.version: 3.8.1
[DEBUG] maven-deploy-plugin.version: 3.1.3
[DEBUG] maven-enforcer-plugin.version: 3.5.0
[DEBUG] maven-failsafe-plugin.version: 3.5.2
[DEBUG] maven-help-plugin.version: 3.5.1
[DEBUG] maven-install-plugin.version: 3.1.3
[DEBUG] maven-invoker-plugin.version: 3.8.1
[DEBUG] maven-jar-plugin.version: 3.4.2
[DEBUG] maven-javadoc-plugin.version: 3.10.1
[DEBUG] maven-resources-plugin.version: 3.3.1
[DEBUG] maven-shade-plugin.version: 3.6.0
[DEBUG] maven-source-plugin.version: 3.3.1
[DEBUG] maven-surefire-plugin.version: 3.5.2
[DEBUG] maven-war-plugin.version: 3.4.0
[DEBUG] maven.build.timestamp: 2026-03-18T08:27:51Z
[DEBUG] maven.build.version: Apache Maven 3.9.11 (3e54c93a704957b63ee3494413a2b544fd3d825b)
[DEBUG] maven.compiler.release: 17
[DEBUG] maven.compiler.source: 17
[DEBUG] maven.compiler.target: 17
[DEBUG] maven.conf: C:\Users\rishi\Downloads\apache-maven-3.9.11-bin\apache-maven-3.9.11/conf
[DEBUG] maven.home: C:\Users\rishi\Downloads\apache-maven-3.9.11-bin\apache-maven-3.9.11
[DEBUG] maven.multiModuleProjectDirectory: C:\Users\rishi\OneDrive\Desktop\demo-App\Shubh-vivah-app\backend\OneDrive\Desktop\ShubhVivah-User-Application
[DEBUG] maven.version: 3.9.11
[DEBUG] micrometer-tracing.version: 1.4.2
[DEBUG] micrometer.version: 1.14.3
[DEBUG] mockito.version: 5.14.2
[DEBUG] mongodb.version: 5.2.1
[DEBUG] mssql-jdbc.version: 12.8.1.jre11
[DEBUG] mysql.version: 9.1.0
[DEBUG] native-build-tools-plugin.version: 0.10.4
[DEBUG] native.encoding: Cp1252
[DEBUG] nekohtml.version: 1.9.22
[DEBUG] neo4j-java-driver.version: 5.25.0
[DEBUG] netty.version: 4.1.117.Final
[DEBUG] opentelemetry.version: 1.43.0
[DEBUG] oracle-database.version: 23.5.0.24.07
[DEBUG] oracle-r2dbc.version: 1.2.0
[DEBUG] os.arch: amd64
[DEBUG] os.name: Windows 11
[DEBUG] os.version: 10.0
[DEBUG] path.separator: ;
[DEBUG] pooled-jms.version: 3.1.7
[DEBUG] postgresql.version: 42.7.5
[DEBUG] project.baseUri: file:/C:/Users/rishi/OneDrive/Desktop/demo-App/Shubh-vivah-app/backend/OneDrive/Desktop/ShubhVivah-User-Application/
[DEBUG] project.build.sourceEncoding: UTF-8
[DEBUG] project.reporting.outputEncoding: UTF-8
[DEBUG] prometheus-client.version: 1.3.5
[DEBUG] prometheus-simpleclient.version: 0.16.0
[DEBUG] pulsar-reactive.version: 0.5.10
[DEBUG] pulsar.version: 3.3.4
[DEBUG] quartz.version: 2.3.2
[DEBUG] querydsl.version: 5.1.0
[DEBUG] r2dbc-h2.version: 1.0.0.RELEASE
[DEBUG] r2dbc-mariadb.version: 1.2.2
[DEBUG] r2dbc-mssql.version: 1.0.2.RELEASE
[DEBUG] r2dbc-mysql.version: 1.3.1
[DEBUG] r2dbc-pool.version: 1.0.2.RELEASE
[DEBUG] r2dbc-postgresql.version: 1.0.7.RELEASE
[DEBUG] r2dbc-proxy.version: 1.1.5.RELEASE
[DEBUG] r2dbc-spi.version: 1.0.0.RELEASE
[DEBUG] rabbit-amqp-client.version: 5.22.0
[DEBUG] rabbit-stream-client.version: 0.18.0
[DEBUG] reactive-streams.version: 1.0.4
[DEBUG] reactor-bom.version: 2024.0.2
[DEBUG] resource.delimiter: @
[DEBUG] rest-assured.version: 5.5.0
[DEBUG] rsocket.version: 1.1.3
[DEBUG] rxjava3.version: 3.1.10
[DEBUG] saaj-impl.version: 3.0.4
[DEBUG] selenium-htmlunit.version: 4.25.0
[DEBUG] selenium.version: 4.25.0
[DEBUG] sendgrid.version: 4.10.3
[DEBUG] slf4j.version: 2.0.16
[DEBUG] snakeyaml.version: 2.3
[DEBUG] spring-amqp.version: 3.2.2
[DEBUG] spring-authorization-server.version: 1.4.1
[DEBUG] spring-batch.version: 5.2.1
[DEBUG] spring-boot.run.main-class: ${start-class}
[DEBUG] spring-data-bom.version: 2024.1.2
[DEBUG] spring-framework.version: 6.2.2
[DEBUG] spring-graphql.version: 1.3.3
[DEBUG] spring-hateoas.version: 2.4.1
[DEBUG] spring-integration.version: 6.4.1
[DEBUG] spring-kafka.version: 3.3.2
[DEBUG] spring-ldap.version: 3.2.10
[DEBUG] spring-pulsar.version: 1.2.2
[DEBUG] spring-restdocs.version: 3.0.3
[DEBUG] spring-retry.version: 2.0.11
[DEBUG] spring-security.version: 6.4.2
[DEBUG] spring-session.version: 3.4.1
[DEBUG] spring-ws.version: 4.0.11
[DEBUG] sqlite-jdbc.version: 3.47.2.0
[DEBUG] sun.arch.data.model: 64
[DEBUG] sun.boot.library.path: C:\Program Files\Microsoft\jdk-17.0.17.10-hotspot\bin
[DEBUG] sun.cpu.endian: little
[DEBUG] sun.cpu.isalist: amd64
[DEBUG] sun.io.unicode.encoding: UnicodeLittle
[DEBUG] sun.java.command: org.codehaus.plexus.classworlds.launcher.Launcher spring-boot:run -X
[DEBUG] sun.java.launcher: SUN_STANDARD
[DEBUG] sun.jnu.encoding: Cp1252
[DEBUG] sun.management.compiler: HotSpot 64-Bit Tiered Compilers
[DEBUG] sun.os.patch.level: 
[DEBUG] sun.stderr.encoding: cp437
[DEBUG] testcontainers-redis-module.version: 2.2.2
[DEBUG] testcontainers.version: 1.20.4
[DEBUG] thymeleaf-extras-data-attribute.version: 2.0.1
[DEBUG] thymeleaf-extras-springsecurity.version: 3.1.3.RELEASE
[DEBUG] thymeleaf-layout-dialect.version: 3.3.0
[DEBUG] thymeleaf.version: 3.1.3.RELEASE
[DEBUG] tomcat.version: 10.1.34
[DEBUG] unboundid-ldapsdk.version: 6.0.11
[DEBUG] undertow.version: 2.3.18.Final
[DEBUG] user.country: IN
[DEBUG] user.dir: C:\Users\rishi\OneDrive\Desktop\demo-App\Shubh-vivah-app\backend\OneDrive\Desktop\ShubhVivah-User-Application
[DEBUG] user.home: C:\Users\rishi
[DEBUG] user.language: en
[DEBUG] user.name: rishi
[DEBUG] user.script: 
[DEBUG] user.variant: 
[DEBUG] versions-maven-plugin.version: 2.17.1
[DEBUG] webjars-locator-core.version: 0.59
[DEBUG] webjars-locator-lite.version: 1.0.1
[DEBUG] wsdl4j.version: 1.6.3
[DEBUG] xml-maven-plugin.version: 1.1.0
[DEBUG] xmlunit2.version: 2.10.0
[DEBUG] yasson.version: 3.0.4
[DEBUG] zipkin-reporter.version: 3.4.3
[DEBUG] Using 'UTF-8' encoding to copy filtered resources.
[DEBUG] Using 'UTF-8' encoding to copy filtered properties files.
[DEBUG] resource with targetPath null
directory C:\Users\rishi\OneDrive\Desktop\demo-App\Shubh-vivah-app\backend\OneDrive\Desktop\ShubhVivah-User-Application\src\main\resources
excludes []
includes [**/application*.yml, **/application*.yaml, **/application*.properties]
[DEBUG] ignoreDelta true
[INFO] Copying 1 resource from src\main\resources to target\classes
[DEBUG] Copying file application.properties
[DEBUG] file application.properties has a filtered file extension
[DEBUG] Using 'UTF-8' encoding to copy filtered resource 'application.properties'.
[DEBUG] filtering C:\Users\rishi\OneDrive\Desktop\demo-App\Shubh-vivah-app\backend\OneDrive\Desktop\ShubhVivah-User-Application\src\main\resources\application.properties to C:\Users\rishi\OneDrive\Desktop\demo-App\Shubh-vivah-app\backend\OneDrive\Desktop\ShubhVivah-User-Application\target\classes\application.properties
[DEBUG] resource with targetPath null
directory C:\Users\rishi\OneDrive\Desktop\demo-App\Shubh-vivah-app\backend\OneDrive\Desktop\ShubhVivah-User-Application\src\main\resources
excludes [**/application*.yml, **/application*.yaml, **/application*.properties]
includes []
[DEBUG] ignoreDelta true
[INFO] Copying 5 resources from src\main\resources to target\classes
[DEBUG] Copying file data\caste.csv
[DEBUG] file caste.csv has a filtered file extension
[DEBUG] Using 'UTF-8' encoding to copy filtered resource 'caste.csv'.
[DEBUG] copy C:\Users\rishi\OneDrive\Desktop\demo-App\Shubh-vivah-app\backend\OneDrive\Desktop\ShubhVivah-User-Application\src\main\resources\data\caste.csv to C:\Users\rishi\OneDrive\Desktop\demo-App\Shubh-vivah-app\backend\OneDrive\Desktop\ShubhVivah-User-Application\target\classes\data\caste.csv
[DEBUG] Copying file data\community.csv
[DEBUG] file community.csv has a filtered file extension
[DEBUG] Using 'UTF-8' encoding to copy filtered resource 'community.csv'.
[DEBUG] copy C:\Users\rishi\OneDrive\Desktop\demo-App\Shubh-vivah-app\backend\OneDrive\Desktop\ShubhVivah-User-Application\src\main\resources\data\community.csv to C:\Users\rishi\OneDrive\Desktop\demo-App\Shubh-vivah-app\backend\OneDrive\Desktop\ShubhVivah-User-Application\target\classes\data\community.csv
[DEBUG] Copying file data\gotra.csv
[DEBUG] file gotra.csv has a filtered file extension
[DEBUG] Using 'UTF-8' encoding to copy filtered resource 'gotra.csv'.
[DEBUG] copy C:\Users\rishi\OneDrive\Desktop\demo-App\Shubh-vivah-app\backend\OneDrive\Desktop\ShubhVivah-User-Application\src\main\resources\data\gotra.csv to C:\Users\rishi\OneDrive\Desktop\demo-App\Shubh-vivah-app\backend\OneDrive\Desktop\ShubhVivah-User-Application\target\classes\data\gotra.csv
[DEBUG] Copying file data\religion.csv
[DEBUG] file religion.csv has a filtered file extension
[DEBUG] Using 'UTF-8' encoding to copy filtered resource 'religion.csv'.
[DEBUG] copy C:\Users\rishi\OneDrive\Desktop\demo-App\Shubh-vivah-app\backend\OneDrive\Desktop\ShubhVivah-User-Application\src\main\resources\data\religion.csv to C:\Users\rishi\OneDrive\Desktop\demo-App\Shubh-vivah-app\backend\OneDrive\Desktop\ShubhVivah-User-Application\target\classes\data\religion.csv
[DEBUG] Copying file schema.sql
[DEBUG] file schema.sql has a filtered file extension
[DEBUG] Using 'UTF-8' encoding to copy filtered resource 'schema.sql'.
[DEBUG] copy C:\Users\rishi\OneDrive\Desktop\demo-App\Shubh-vivah-app\backend\OneDrive\Desktop\ShubhVivah-User-Application\src\main\resources\schema.sql to C:\Users\rishi\OneDrive\Desktop\demo-App\Shubh-vivah-app\backend\OneDrive\Desktop\ShubhVivah-User-Application\target\classes\schema.sql
[DEBUG] no user filter components
[INFO] 
[INFO] --- kotlin:2.2.20:compile (compile) @ ShubhVivah ---
[DEBUG] Dependency collection stats {ConflictMarker.analyzeTime=217300, ConflictMarker.markTime=52000, ConflictMarker.nodeCount=57, ConflictIdSorter.graphTime=59701, ConflictIdSorter.topsortTime=26800, ConflictIdSorter.conflictIdCount=31, ConflictIdSorter.conflictIdCycleCount=0, ConflictResolver.totalTime=454799, ConflictResolver.conflictItemCount=56, DfDependencyCollector.collectTime=95273900, DfDependencyCollector.transformTime=838500}
[DEBUG] org.jetbrains.kotlin:kotlin-maven-plugin:jar:2.2.20
[DEBUG]    org.apache.maven.plugin-tools:maven-plugin-annotations:jar:3.7.0:compile
[DEBUG]    org.jetbrains.kotlin:kotlin-build-tools-api:jar:2.2.20:compile
[DEBUG]    org.jetbrains.kotlin:kotlin-build-tools-impl:jar:2.2.20:runtime
[DEBUG]       org.jetbrains.kotlin:kotlin-stdlib:jar:2.2.20:compile
[DEBUG]          org.jetbrains:annotations:jar:13.0:compile
[DEBUG]       org.jetbrains.kotlin:kotlin-compiler-runner:jar:2.2.20:runtime
[DEBUG]          org.jetbrains.kotlin:kotlin-daemon-client:jar:2.2.20:runtime
[DEBUG]       org.jetbrains.kotlin:kotlin-scripting-compiler-impl-embeddable:jar:2.2.20:compile
[DEBUG]    org.jetbrains.kotlin:kotlin-compiler-embeddable:jar:2.2.20:compile
[DEBUG]       org.jetbrains.kotlin:kotlin-script-runtime:jar:2.2.20:compile
[DEBUG]       org.jetbrains.kotlin:kotlin-reflect:jar:1.6.10:runtime
[DEBUG]       org.jetbrains.kotlin:kotlin-daemon-embeddable:jar:2.2.20:runtime
[DEBUG]       org.jetbrains.kotlinx:kotlinx-coroutines-core-jvm:jar:1.8.0:runtime
[DEBUG]    org.jetbrains.kotlin:kotlin-scripting-compiler-embeddable:jar:2.2.20:compile
[DEBUG]       org.jetbrains.kotlin:kotlin-scripting-common:jar:2.2.20:compile
[DEBUG]       org.jetbrains.kotlin:kotlin-scripting-jvm:jar:2.2.20:compile
[DEBUG]    org.apache.maven.plugins:maven-compiler-plugin:jar:3.14.0:compile
[DEBUG]       org.apache.maven.shared:maven-shared-utils:jar:3.4.2:compile
[DEBUG]          org.slf4j:slf4j-api:jar:1.7.36:compile
[DEBUG]          commons-io:commons-io:jar:2.11.0:compile
[DEBUG]       org.apache.maven.shared:maven-shared-incremental:jar:1.1:compile
[DEBUG]       org.codehaus.plexus:plexus-java:jar:1.4.0:compile
[DEBUG]          org.ow2.asm:asm:jar:9.7.1:compile
[DEBUG]          com.thoughtworks.qdox:qdox:jar:2.2.0:compile
[DEBUG]       org.codehaus.plexus:plexus-compiler-api:jar:2.15.0:compile
[DEBUG]       org.codehaus.plexus:plexus-compiler-manager:jar:2.15.0:compile
[DEBUG]          org.codehaus.plexus:plexus-xml:jar:3.0.0:compile
[DEBUG]       org.codehaus.plexus:plexus-compiler-javac:jar:2.15.0:runtime
[DEBUG]       org.codehaus.plexus:plexus-utils:jar:4.0.1:compile
[DEBUG]    javax.inject:javax.inject:jar:1:compile
[DEBUG] Created new class realm plugin>org.jetbrains.kotlin:kotlin-maven-plugin:2.2.20
[DEBUG] Importing foreign packages into class realm plugin>org.jetbrains.kotlin:kotlin-maven-plugin:2.2.20
[DEBUG]   Imported:  < maven.api
[DEBUG] Populating class realm plugin>org.jetbrains.kotlin:kotlin-maven-plugin:2.2.20
[DEBUG]   Included: org.jetbrains.kotlin:kotlin-maven-plugin:jar:2.2.20
[DEBUG]   Included: org.apache.maven.plugin-tools:maven-plugin-annotations:jar:3.7.0
[DEBUG]   Included: org.jetbrains.kotlin:kotlin-build-tools-api:jar:2.2.20
[DEBUG]   Included: org.jetbrains.kotlin:kotlin-build-tools-impl:jar:2.2.20
[DEBUG]   Included: org.jetbrains.kotlin:kotlin-stdlib:jar:2.2.20
[DEBUG]   Included: org.jetbrains:annotations:jar:13.0
[DEBUG]   Included: org.jetbrains.kotlin:kotlin-compiler-runner:jar:2.2.20
[DEBUG]   Included: org.jetbrains.kotlin:kotlin-daemon-client:jar:2.2.20
[DEBUG]   Included: org.jetbrains.kotlin:kotlin-scripting-compiler-impl-embeddable:jar:2.2.20
[DEBUG]   Included: org.jetbrains.kotlin:kotlin-compiler-embeddable:jar:2.2.20
[DEBUG]   Included: org.jetbrains.kotlin:kotlin-script-runtime:jar:2.2.20
[DEBUG]   Included: org.jetbrains.kotlin:kotlin-reflect:jar:1.6.10
[DEBUG]   Included: org.jetbrains.kotlin:kotlin-daemon-embeddable:jar:2.2.20
[DEBUG]   Included: org.jetbrains.kotlinx:kotlinx-coroutines-core-jvm:jar:1.8.0
[DEBUG]   Included: org.jetbrains.kotlin:kotlin-scripting-compiler-embeddable:jar:2.2.20
[DEBUG]   Included: org.jetbrains.kotlin:kotlin-scripting-common:jar:2.2.20
[DEBUG]   Included: org.jetbrains.kotlin:kotlin-scripting-jvm:jar:2.2.20
[DEBUG]   Included: org.apache.maven.plugins:maven-compiler-plugin:jar:3.14.0
[DEBUG]   Included: org.apache.maven.shared:maven-shared-utils:jar:3.4.2
[DEBUG]   Included: commons-io:commons-io:jar:2.11.0
[DEBUG]   Included: org.apache.maven.shared:maven-shared-incremental:jar:1.1
[DEBUG]   Included: org.codehaus.plexus:plexus-java:jar:1.4.0
[DEBUG]   Included: org.ow2.asm:asm:jar:9.7.1
[DEBUG]   Included: com.thoughtworks.qdox:qdox:jar:2.2.0
[DEBUG]   Included: org.codehaus.plexus:plexus-compiler-api:jar:2.15.0
[DEBUG]   Included: org.codehaus.plexus:plexus-compiler-manager:jar:2.15.0
[DEBUG]   Included: org.codehaus.plexus:plexus-xml:jar:3.0.0
[DEBUG]   Included: org.codehaus.plexus:plexus-compiler-javac:jar:2.15.0
[DEBUG]   Included: org.codehaus.plexus:plexus-utils:jar:4.0.1
[DEBUG] Loading mojo org.jetbrains.kotlin:kotlin-maven-plugin:2.2.20:compile from plugin realm ClassRealm[plugin>org.jetbrains.kotlin:kotlin-maven-plugin:2.2.20, parent: jdk.internal.loader.ClassLoaders$AppClassLoader@73d16e93]
[DEBUG] Configuring mojo execution 'org.jetbrains.kotlin:kotlin-maven-plugin:2.2.20:compile:compile' with basic configurator -->
[DEBUG]   (f) classpath = [C:\Users\rishi\OneDrive\Desktop\demo-App\Shubh-vivah-app\backend\OneDrive\Desktop\ShubhVivah-User-Application\target\classes, C:\Users\rishi\.m2\repository\org\springframework\boot\spring-boot-starter-data-jpa\3.4.2\spring-boot-starter-data-jpa-3.4.2.jar, C:\Users\rishi\.m2\repository\org\springframework\boot\spring-boot-starter\3.4.2\spring-boot-starter-3.4.2.jar, C:\Users\rishi\.m2\repository\org\springframework\boot\spring-boot-starter-logging\3.4.2\spring-boot-starter-logging-3.4.2.jar, C:\Users\rishi\.m2\repository\ch\qos\logback\logback-classic\1.5.16\logback-classic-1.5.16.jar, C:\Users\rishi\.m2\repository\ch\qos\logback\logback-core\1.5.16\logback-core-1.5.16.jar, C:\Users\rishi\.m2\repository\org\apache\logging\log4j\log4j-to-slf4j\2.24.3\log4j-to-slf4j-2.24.3.jar, C:\Users\rishi\.m2\repository\org\apache\logging\log4j\log4j-api\2.24.3\log4j-api-2.24.3.jar, C:\Users\rishi\.m2\repository\org\slf4j\jul-to-slf4j\2.0.16\jul-to-slf4j-2.0.16.jar, C:\Users\rishi\.m2\repository\jakarta\annotation\jakarta.annotation-api\2.1.1\jakarta.annotation-api-2.1.1.jar, C:\Users\rishi\.m2\repository\org\yaml\snakeyaml\2.3\snakeyaml-2.3.jar, C:\Users\rishi\.m2\repository\org\springframework\boot\spring-boot-starter-jdbc\3.4.2\spring-boot-starter-jdbc-3.4.2.jar, C:\Users\rishi\.m2\repository\com\zaxxer\HikariCP\5.1.0\HikariCP-5.1.0.jar, C:\Users\rishi\.m2\repository\org\springframework\spring-jdbc\6.2.2\spring-jdbc-6.2.2.jar, C:\Users\rishi\.m2\repository\org\hibernate\orm\hibernate-core\6.6.5.Final\hibernate-core-6.6.5.Final.jar, C:\Users\rishi\.m2\repository\jakarta\persistence\jakarta.persistence-api\3.1.0\jakarta.persistence-api-3.1.0.jar, C:\Users\rishi\.m2\repository\jakarta\transaction\jakarta.transaction-api\2.0.1\jakarta.transaction-api-2.0.1.jar, C:\Users\rishi\.m2\repository\org\jboss\logging\jboss-logging\3.6.1.Final\jboss-logging-3.6.1.Final.jar, C:\Users\rishi\.m2\repository\com\fasterxml\classmate\1.7.0\classmate-1.7.0.jar, C:\Users\rishi\.m2\repository\org\antlr\antlr4-runtime\4.13.0\antlr4-runtime-4.13.0.jar, C:\Users\rishi\.m2\repository\org\springframework\data\spring-data-jpa\3.4.2\spring-data-jpa-3.4.2.jar, C:\Users\rishi\.m2\repository\org\springframework\data\spring-data-commons\3.4.2\spring-data-commons-3.4.2.jar, C:\Users\rishi\.m2\repository\org\springframework\spring-orm\6.2.2\spring-orm-6.2.2.jar, C:\Users\rishi\.m2\repository\org\springframework\spring-context\6.2.2\spring-context-6.2.2.jar, C:\Users\rishi\.m2\repository\org\springframework\spring-tx\6.2.2\spring-tx-6.2.2.jar, C:\Users\rishi\.m2\repository\org\springframework\spring-beans\6.2.2\spring-beans-6.2.2.jar, C:\Users\rishi\.m2\repository\org\slf4j\slf4j-api\2.0.16\slf4j-api-2.0.16.jar, C:\Users\rishi\.m2\repository\org\springframework\spring-aspects\6.2.2\spring-aspects-6.2.2.jar, C:\Users\rishi\.m2\repository\org\aspectj\aspectjweaver\1.9.22.1\aspectjweaver-1.9.22.1.jar, C:\Users\rishi\.m2\repository\org\springframework\boot\spring-boot-starter-security\3.4.2\spring-boot-starter-security-3.4.2.jar, C:\Users\rishi\.m2\repository\org\springframework\spring-aop\6.2.2\spring-aop-6.2.2.jar, C:\Users\rishi\.m2\repository\org\springframework\security\spring-security-config\6.4.2\spring-security-config-6.4.2.jar, C:\Users\rishi\.m2\repository\org\springframework\security\spring-security-web\6.4.2\spring-security-web-6.4.2.jar, C:\Users\rishi\.m2\repository\org\springframework\spring-expression\6.2.2\spring-expression-6.2.2.jar, C:\Users\rishi\.m2\repository\org\springframework\boot\spring-boot-starter-web\3.4.2\spring-boot-starter-web-3.4.2.jar, C:\Users\rishi\.m2\repository\org\springframework\boot\spring-boot-starter-json\3.4.2\spring-boot-starter-json-3.4.2.jar, C:\Users\rishi\.m2\repository\com\fasterxml\jackson\datatype\jackson-datatype-jdk8\2.18.2\jackson-datatype-jdk8-2.18.2.jar, C:\Users\rishi\.m2\repository\com\fasterxml\jackson\module\jackson-module-parameter-names\2.18.2\jackson-module-parameter-names-2.18.2.jar, C:\Users\rishi\.m2\repository\org\springframework\boot\spring-boot-starter-tomcat\3.4.2\spring-boot-starter-tomcat-3.4.2.jar, C:\Users\rishi\.m2\repository\org\apache\tomcat\embed\tomcat-embed-core\10.1.34\tomcat-embed-core-10.1.34.jar, C:\Users\rishi\.m2\repository\org\apache\tomcat\embed\tomcat-embed-websocket\10.1.34\tomcat-embed-websocket-10.1.34.jar, C:\Users\rishi\.m2\repository\org\springframework\spring-web\6.2.2\spring-web-6.2.2.jar, C:\Users\rishi\.m2\repository\io\micrometer\micrometer-observation\1.14.3\micrometer-observation-1.14.3.jar, C:\Users\rishi\.m2\repository\io\micrometer\micrometer-commons\1.14.3\micrometer-commons-1.14.3.jar, C:\Users\rishi\.m2\repository\org\springframework\spring-webmvc\6.2.2\spring-webmvc-6.2.2.jar, C:\Users\rishi\.m2\repository\org\springframework\boot\spring-boot-starter-validation\3.4.2\spring-boot-starter-validation-3.4.2.jar, C:\Users\rishi\.m2\repository\org\apache\tomcat\embed\tomcat-embed-el\10.1.34\tomcat-embed-el-10.1.34.jar, C:\Users\rishi\.m2\repository\org\hibernate\validator\hibernate-validator\8.0.2.Final\hibernate-validator-8.0.2.Final.jar, C:\Users\rishi\.m2\repository\jakarta\validation\jakarta.validation-api\3.0.2\jakarta.validation-api-3.0.2.jar, C:\Users\rishi\.m2\repository\org\springframework\boot\spring-boot-starter-mail\3.4.2\spring-boot-starter-mail-3.4.2.jar, C:\Users\rishi\.m2\repository\org\springframework\spring-context-support\6.2.2\spring-context-support-6.2.2.jar, C:\Users\rishi\.m2\repository\org\eclipse\angus\jakarta.mail\2.0.3\jakarta.mail-2.0.3.jar, C:\Users\rishi\.m2\repository\jakarta\activation\jakarta.activation-api\2.1.3\jakarta.activation-api-2.1.3.jar, C:\Users\rishi\.m2\repository\org\springframework\boot\spring-boot-starter-websocket\3.4.2\spring-boot-starter-websocket-3.4.2.jar, C:\Users\rishi\.m2\repository\org\springframework\spring-messaging\6.2.2\spring-messaging-6.2.2.jar, C:\Users\rishi\.m2\repository\org\springframework\spring-websocket\6.2.2\spring-websocket-6.2.2.jar, C:\Users\rishi\.m2\repository\org\springframework\boot\spring-boot\3.4.2\spring-boot-3.4.2.jar, C:\Users\rishi\.m2\repository\org\springframework\boot\spring-boot-autoconfigure\3.4.2\spring-boot-autoconfigure-3.4.2.jar, C:\Users\rishi\.m2\repository\org\flywaydb\flyway-core\10.20.1\flyway-core-10.20.1.jar, C:\Users\rishi\.m2\repository\com\fasterxml\jackson\dataformat\jackson-dataformat-toml\2.18.2\jackson-dataformat-toml-2.18.2.jar, C:\Users\rishi\.m2\repository\com\fasterxml\jackson\core\jackson-core\2.18.2\jackson-core-2.18.2.jar, C:\Users\rishi\.m2\repository\com\fasterxml\jackson\datatype\jackson-datatype-jsr310\2.18.2\jackson-datatype-jsr310-2.18.2.jar, C:\Users\rishi\.m2\repository\com\fasterxml\jackson\core\jackson-annotations\2.18.2\jackson-annotations-2.18.2.jar, C:\Users\rishi\.m2\repository\org\flywaydb\flyway-database-postgresql\10.20.1\flyway-database-postgresql-10.20.1.jar, C:\Users\rishi\.m2\repository\io\jsonwebtoken\jjwt-api\0.11.5\jjwt-api-0.11.5.jar, C:\Users\rishi\.m2\repository\com\fasterxml\jackson\core\jackson-databind\2.18.2\jackson-databind-2.18.2.jar, C:\Users\rishi\.m2\repository\com\cloudinary\cloudinary-http44\1.39.0\cloudinary-http44-1.39.0.jar, C:\Users\rishi\.m2\repository\com\cloudinary\cloudinary-core\1.39.0\cloudinary-core-1.39.0.jar, C:\Users\rishi\.m2\repository\org\apache\commons\commons-lang3\3.17.0\commons-lang3-3.17.0.jar, C:\Users\rishi\.m2\repository\org\apache\httpcomponents\httpclient\4.4\httpclient-4.4.jar, C:\Users\rishi\.m2\repository\org\apache\httpcomponents\httpcore\4.4.16\httpcore-4.4.16.jar, C:\Users\rishi\.m2\repository\commons-logging\commons-logging\1.2\commons-logging-1.2.jar, C:\Users\rishi\.m2\repository\commons-codec\commons-codec\1.17.2\commons-codec-1.17.2.jar, C:\Users\rishi\.m2\repository\org\apache\httpcomponents\httpmime\4.4\httpmime-4.4.jar, C:\Users\rishi\.m2\repository\io\github\cdimascio\dotenv-java\3.0.0\dotenv-java-3.0.0.jar, C:\Users\rishi\.m2\repository\org\projectlombok\lombok\1.18.36\lombok-1.18.36.jar, C:\Users\rishi\.m2\repository\org\jetbrains\kotlin\kotlin-stdlib-jdk8\2.2.20\kotlin-stdlib-jdk8-2.2.20.jar, C:\Users\rishi\.m2\repository\org\jetbrains\kotlin\kotlin-stdlib\2.2.20\kotlin-stdlib-2.2.20.jar, C:\Users\rishi\.m2\repository\org\jetbrains\annotations\13.0\annotations-13.0.jar, C:\Users\rishi\.m2\repository\org\jetbrains\kotlin\kotlin-stdlib-jdk7\2.2.20\kotlin-stdlib-jdk7-2.2.20.jar, C:\Users\rishi\.m2\repository\org\springframework\spring-core\6.2.2\spring-core-6.2.2.jar, C:\Users\rishi\.m2\repository\org\springframework\spring-jcl\6.2.2\spring-jcl-6.2.2.jar, C:\Users\rishi\.m2\repository\org\springframework\security\spring-security-core\6.4.2\spring-security-core-6.4.2.jar, C:\Users\rishi\.m2\repository\org\springframework\security\spring-security-crypto\6.4.2\spring-security-crypto-6.4.2.jar]
[DEBUG]   (f) incrementalCachesRoot = C:\Users\rishi\OneDrive\Desktop\demo-App\Shubh-vivah-app\backend\OneDrive\Desktop\ShubhVivah-User-Application\target/kotlin-ic
[DEBUG]   (f) javaParameters = true
[DEBUG]   (f) jvmTarget = 17
[DEBUG]   (f) kotlinDaemonJvmArgs = []
[DEBUG]   (f) moduleName = ShubhVivah
[DEBUG]   (f) myIncremental = false
[DEBUG]   (f) nowarn = false
[DEBUG]   (f) output = C:\Users\rishi\OneDrive\Desktop\demo-App\Shubh-vivah-app\backend\OneDrive\Desktop\ShubhVivah-User-Application\target\classes
[DEBUG]   (f) project = MavenProject: com.example:ShubhVivah:0.0.1-SNAPSHOT @ C:\Users\rishi\OneDrive\Desktop\demo-App\Shubh-vivah-app\backend\OneDrive\Desktop\ShubhVivah-User-Application\pom.xml
[DEBUG]   (f) scriptTemplates = []
[DEBUG]   (f) session = org.apache.maven.execution.MavenSession@3c78e551
[DEBUG]   (f) sourceDirs = [src/main/java, target/generated-sources/annotations]
[DEBUG]   (f) testClasspath = [C:\Users\rishi\OneDrive\Desktop\demo-App\Shubh-vivah-app\backend\OneDrive\Desktop\ShubhVivah-User-Application\target\test-classes, C:\Users\rishi\OneDrive\Desktop\demo-App\Shubh-vivah-app\backend\OneDrive\Desktop\ShubhVivah-User-Application\target\classes, C:\Users\rishi\.m2\repository\org\springframework\boot\spring-boot-starter-data-jpa\3.4.2\spring-boot-starter-data-jpa-3.4.2.jar, C:\Users\rishi\.m2\repository\org\springframework\boot\spring-boot-starter\3.4.2\spring-boot-starter-3.4.2.jar, C:\Users\rishi\.m2\repository\org\springframework\boot\spring-boot-starter-logging\3.4.2\spring-boot-starter-logging-3.4.2.jar, C:\Users\rishi\.m2\repository\ch\qos\logback\logback-classic\1.5.16\logback-classic-1.5.16.jar, C:\Users\rishi\.m2\repository\ch\qos\logback\logback-core\1.5.16\logback-core-1.5.16.jar, C:\Users\rishi\.m2\repository\org\apache\logging\log4j\log4j-to-slf4j\2.24.3\log4j-to-slf4j-2.24.3.jar, C:\Users\rishi\.m2\repository\org\apache\logging\log4j\log4j-api\2.24.3\log4j-api-2.24.3.jar, C:\Users\rishi\.m2\repository\org\slf4j\jul-to-slf4j\2.0.16\jul-to-slf4j-2.0.16.jar, C:\Users\rishi\.m2\repository\jakarta\annotation\jakarta.annotation-api\2.1.1\jakarta.annotation-api-2.1.1.jar, C:\Users\rishi\.m2\repository\org\yaml\snakeyaml\2.3\snakeyaml-2.3.jar, C:\Users\rishi\.m2\repository\org\springframework\boot\spring-boot-starter-jdbc\3.4.2\spring-boot-starter-jdbc-3.4.2.jar, C:\Users\rishi\.m2\repository\com\zaxxer\HikariCP\5.1.0\HikariCP-5.1.0.jar, C:\Users\rishi\.m2\repository\org\springframework\spring-jdbc\6.2.2\spring-jdbc-6.2.2.jar, C:\Users\rishi\.m2\repository\org\hibernate\orm\hibernate-core\6.6.5.Final\hibernate-core-6.6.5.Final.jar, C:\Users\rishi\.m2\repository\jakarta\persistence\jakarta.persistence-api\3.1.0\jakarta.persistence-api-3.1.0.jar, C:\Users\rishi\.m2\repository\jakarta\transaction\jakarta.transaction-api\2.0.1\jakarta.transaction-api-2.0.1.jar, C:\Users\rishi\.m2\repository\org\jboss\logging\jboss-logging\3.6.1.Final\jboss-logging-3.6.1.Final.jar, C:\Users\rishi\.m2\repository\com\fasterxml\classmate\1.7.0\classmate-1.7.0.jar, C:\Users\rishi\.m2\repository\org\antlr\antlr4-runtime\4.13.0\antlr4-runtime-4.13.0.jar, C:\Users\rishi\.m2\repository\org\springframework\data\spring-data-jpa\3.4.2\spring-data-jpa-3.4.2.jar, C:\Users\rishi\.m2\repository\org\springframework\data\spring-data-commons\3.4.2\spring-data-commons-3.4.2.jar, C:\Users\rishi\.m2\repository\org\springframework\spring-orm\6.2.2\spring-orm-6.2.2.jar, C:\Users\rishi\.m2\repository\org\springframework\spring-context\6.2.2\spring-context-6.2.2.jar, C:\Users\rishi\.m2\repository\org\springframework\spring-tx\6.2.2\spring-tx-6.2.2.jar, C:\Users\rishi\.m2\repository\org\springframework\spring-beans\6.2.2\spring-beans-6.2.2.jar, C:\Users\rishi\.m2\repository\org\slf4j\slf4j-api\2.0.16\slf4j-api-2.0.16.jar, C:\Users\rishi\.m2\repository\org\springframework\spring-aspects\6.2.2\spring-aspects-6.2.2.jar, C:\Users\rishi\.m2\repository\org\aspectj\aspectjweaver\1.9.22.1\aspectjweaver-1.9.22.1.jar, C:\Users\rishi\.m2\repository\org\springframework\boot\spring-boot-starter-security\3.4.2\spring-boot-starter-security-3.4.2.jar, C:\Users\rishi\.m2\repository\org\springframework\spring-aop\6.2.2\spring-aop-6.2.2.jar, C:\Users\rishi\.m2\repository\org\springframework\security\spring-security-config\6.4.2\spring-security-config-6.4.2.jar, C:\Users\rishi\.m2\repository\org\springframework\security\spring-security-web\6.4.2\spring-security-web-6.4.2.jar, C:\Users\rishi\.m2\repository\org\springframework\spring-expression\6.2.2\spring-expression-6.2.2.jar, C:\Users\rishi\.m2\repository\org\springframework\boot\spring-boot-starter-web\3.4.2\spring-boot-starter-web-3.4.2.jar, C:\Users\rishi\.m2\repository\org\springframework\boot\spring-boot-starter-json\3.4.2\spring-boot-starter-json-3.4.2.jar, C:\Users\rishi\.m2\repository\com\fasterxml\jackson\datatype\jackson-datatype-jdk8\2.18.2\jackson-datatype-jdk8-2.18.2.jar, C:\Users\rishi\.m2\repository\com\fasterxml\jackson\module\jackson-module-parameter-names\2.18.2\jackson-module-parameter-names-2.18.2.jar, C:\Users\rishi\.m2\repository\org\springframework\boot\spring-boot-starter-tomcat\3.4.2\spring-boot-starter-tomcat-3.4.2.jar, C:\Users\rishi\.m2\repository\org\apache\tomcat\embed\tomcat-embed-core\10.1.34\tomcat-embed-core-10.1.34.jar, C:\Users\rishi\.m2\repository\org\apache\tomcat\embed\tomcat-embed-websocket\10.1.34\tomcat-embed-websocket-10.1.34.jar, C:\Users\rishi\.m2\repository\org\springframework\spring-web\6.2.2\spring-web-6.2.2.jar, C:\Users\rishi\.m2\repository\io\micrometer\micrometer-observation\1.14.3\micrometer-observation-1.14.3.jar, C:\Users\rishi\.m2\repository\io\micrometer\micrometer-commons\1.14.3\micrometer-commons-1.14.3.jar, C:\Users\rishi\.m2\repository\org\springframework\spring-webmvc\6.2.2\spring-webmvc-6.2.2.jar, C:\Users\rishi\.m2\repository\org\springframework\boot\spring-boot-starter-validation\3.4.2\spring-boot-starter-validation-3.4.2.jar, C:\Users\rishi\.m2\repository\org\apache\tomcat\embed\tomcat-embed-el\10.1.34\tomcat-embed-el-10.1.34.jar, C:\Users\rishi\.m2\repository\org\hibernate\validator\hibernate-validator\8.0.2.Final\hibernate-validator-8.0.2.Final.jar, C:\Users\rishi\.m2\repository\jakarta\validation\jakarta.validation-api\3.0.2\jakarta.validation-api-3.0.2.jar, C:\Users\rishi\.m2\repository\org\springframework\boot\spring-boot-starter-mail\3.4.2\spring-boot-starter-mail-3.4.2.jar, C:\Users\rishi\.m2\repository\org\springframework\spring-context-support\6.2.2\spring-context-support-6.2.2.jar, C:\Users\rishi\.m2\repository\org\eclipse\angus\jakarta.mail\2.0.3\jakarta.mail-2.0.3.jar, C:\Users\rishi\.m2\repository\jakarta\activation\jakarta.activation-api\2.1.3\jakarta.activation-api-2.1.3.jar, C:\Users\rishi\.m2\repository\org\springframework\boot\spring-boot-starter-websocket\3.4.2\spring-boot-starter-websocket-3.4.2.jar, C:\Users\rishi\.m2\repository\org\springframework\spring-messaging\6.2.2\spring-messaging-6.2.2.jar, C:\Users\rishi\.m2\repository\org\springframework\spring-websocket\6.2.2\spring-websocket-6.2.2.jar, C:\Users\rishi\.m2\repository\org\springframework\boot\spring-boot\3.4.2\spring-boot-3.4.2.jar, C:\Users\rishi\.m2\repository\org\springframework\boot\spring-boot-autoconfigure\3.4.2\spring-boot-autoconfigure-3.4.2.jar, C:\Users\rishi\.m2\repository\org\flywaydb\flyway-core\10.20.1\flyway-core-10.20.1.jar, C:\Users\rishi\.m2\repository\com\fasterxml\jackson\dataformat\jackson-dataformat-toml\2.18.2\jackson-dataformat-toml-2.18.2.jar, C:\Users\rishi\.m2\repository\com\fasterxml\jackson\core\jackson-core\2.18.2\jackson-core-2.18.2.jar, C:\Users\rishi\.m2\repository\com\fasterxml\jackson\datatype\jackson-datatype-jsr310\2.18.2\jackson-datatype-jsr310-2.18.2.jar, C:\Users\rishi\.m2\repository\com\fasterxml\jackson\core\jackson-annotations\2.18.2\jackson-annotations-2.18.2.jar, C:\Users\rishi\.m2\repository\org\flywaydb\flyway-database-postgresql\10.20.1\flyway-database-postgresql-10.20.1.jar, C:\Users\rishi\.m2\repository\io\jsonwebtoken\jjwt-api\0.11.5\jjwt-api-0.11.5.jar, C:\Users\rishi\.m2\repository\com\fasterxml\jackson\core\jackson-databind\2.18.2\jackson-databind-2.18.2.jar, C:\Users\rishi\.m2\repository\com\cloudinary\cloudinary-http44\1.39.0\cloudinary-http44-1.39.0.jar, C:\Users\rishi\.m2\repository\com\cloudinary\cloudinary-core\1.39.0\cloudinary-core-1.39.0.jar, C:\Users\rishi\.m2\repository\org\apache\commons\commons-lang3\3.17.0\commons-lang3-3.17.0.jar, C:\Users\rishi\.m2\repository\org\apache\httpcomponents\httpclient\4.4\httpclient-4.4.jar, C:\Users\rishi\.m2\repository\org\apache\httpcomponents\httpcore\4.4.16\httpcore-4.4.16.jar, C:\Users\rishi\.m2\repository\commons-logging\commons-logging\1.2\commons-logging-1.2.jar, C:\Users\rishi\.m2\repository\commons-codec\commons-codec\1.17.2\commons-codec-1.17.2.jar, C:\Users\rishi\.m2\repository\org\apache\httpcomponents\httpmime\4.4\httpmime-4.4.jar, C:\Users\rishi\.m2\repository\io\github\cdimascio\dotenv-java\3.0.0\dotenv-java-3.0.0.jar, C:\Users\rishi\.m2\repository\org\projectlombok\lombok\1.18.36\lombok-1.18.36.jar, C:\Users\rishi\.m2\repository\org\jetbrains\kotlin\kotlin-stdlib-jdk8\2.2.20\kotlin-stdlib-jdk8-2.2.20.jar, C:\Users\rishi\.m2\repository\org\jetbrains\kotlin\kotlin-stdlib\2.2.20\kotlin-stdlib-2.2.20.jar, C:\Users\rishi\.m2\repository\org\jetbrains\annotations\13.0\annotations-13.0.jar, C:\Users\rishi\.m2\repository\org\jetbrains\kotlin\kotlin-stdlib-jdk7\2.2.20\kotlin-stdlib-jdk7-2.2.20.jar, C:\Users\rishi\.m2\repository\org\springframework\spring-core\6.2.2\spring-core-6.2.2.jar, C:\Users\rishi\.m2\repository\org\springframework\spring-jcl\6.2.2\spring-jcl-6.2.2.jar, C:\Users\rishi\.m2\repository\org\springframework\security\spring-security-core\6.4.2\spring-security-core-6.4.2.jar, C:\Users\rishi\.m2\repository\org\springframework\security\spring-security-crypto\6.4.2\spring-security-crypto-6.4.2.jar]
[DEBUG]   (f) testModuleName = ShubhVivah-test
[DEBUG]   (f) testOutput = C:\Users\rishi\OneDrive\Desktop\demo-App\Shubh-vivah-app\backend\OneDrive\Desktop\ShubhVivah-User-Application\target\test-classes
[DEBUG]   (f) useDaemon = true
[DEBUG]   (f) mojoExecution = org.jetbrains.kotlin:kotlin-maven-plugin:2.2.20:compile {execution: compile}
[DEBUG] -- end configuration --
[DEBUG] Kotlin version 2.2.20 (JRE 17.0.17+10-LTS)
[INFO] No sources to compile
[INFO] 
[INFO] --- compiler:3.13.0:compile (compile) @ ShubhVivah ---
[DEBUG] Dependency collection stats {ConflictMarker.analyzeTime=49499, ConflictMarker.markTime=24300, ConflictMarker.nodeCount=22, ConflictIdSorter.graphTime=12400, ConflictIdSorter.topsortTime=17400, ConflictIdSorter.conflictIdCount=14, ConflictIdSorter.conflictIdCycleCount=0, ConflictResolver.totalTime=211800, ConflictResolver.conflictItemCount=22, DfDependencyCollector.collectTime=15265100, DfDependencyCollector.transformTime=335499}
[DEBUG] org.apache.maven.plugins:maven-compiler-plugin:jar:3.13.0
[DEBUG]    org.apache.maven.shared:maven-shared-utils:jar:3.4.2:compile
[DEBUG]       org.slf4j:slf4j-api:jar:1.7.36:compile
[DEBUG]       commons-io:commons-io:jar:2.11.0:compile
[DEBUG]    org.apache.maven.shared:maven-shared-incremental:jar:1.1:compile
[DEBUG]    org.codehaus.plexus:plexus-java:jar:1.2.0:compile
[DEBUG]       org.ow2.asm:asm:jar:9.6:compile
[DEBUG]       com.thoughtworks.qdox:qdox:jar:2.0.3:compile
[DEBUG]    org.codehaus.plexus:plexus-compiler-api:jar:2.15.0:compile
[DEBUG]    org.codehaus.plexus:plexus-compiler-manager:jar:2.15.0:compile
[DEBUG]       javax.inject:javax.inject:jar:1:compile
[DEBUG]       org.codehaus.plexus:plexus-xml:jar:3.0.0:compile (version managed from default)
[DEBUG]    org.codehaus.plexus:plexus-compiler-javac:jar:2.15.0:runtime
[DEBUG]    org.codehaus.plexus:plexus-utils:jar:4.0.0:compile
[DEBUG] Created new class realm plugin>org.apache.maven.plugins:maven-compiler-plugin:3.13.0
[DEBUG] Importing foreign packages into class realm plugin>org.apache.maven.plugins:maven-compiler-plugin:3.13.0
[DEBUG]   Imported:  < maven.api
[DEBUG] Populating class realm plugin>org.apache.maven.plugins:maven-compiler-plugin:3.13.0
[DEBUG]   Included: org.apache.maven.plugins:maven-compiler-plugin:jar:3.13.0
[DEBUG]   Included: org.apache.maven.shared:maven-shared-utils:jar:3.4.2
[DEBUG]   Included: commons-io:commons-io:jar:2.11.0
[DEBUG]   Included: org.apache.maven.shared:maven-shared-incremental:jar:1.1
[DEBUG]   Included: org.codehaus.plexus:plexus-java:jar:1.2.0
[DEBUG]   Included: org.ow2.asm:asm:jar:9.6
[DEBUG]   Included: com.thoughtworks.qdox:qdox:jar:2.0.3
[DEBUG]   Included: org.codehaus.plexus:plexus-compiler-api:jar:2.15.0
[DEBUG]   Included: org.codehaus.plexus:plexus-compiler-manager:jar:2.15.0
[DEBUG]   Included: org.codehaus.plexus:plexus-xml:jar:3.0.0
[DEBUG]   Included: org.codehaus.plexus:plexus-compiler-javac:jar:2.15.0
[DEBUG]   Included: org.codehaus.plexus:plexus-utils:jar:4.0.0
[DEBUG] Loading mojo org.apache.maven.plugins:maven-compiler-plugin:3.13.0:compile from plugin realm ClassRealm[plugin>org.apache.maven.plugins:maven-compiler-plugin:3.13.0, parent: jdk.internal.loader.ClassLoaders$AppClassLoader@73d16e93]
[DEBUG] Configuring mojo execution 'org.apache.maven.plugins:maven-compiler-plugin:3.13.0:compile:compile' with basic configurator -->
[DEBUG]   (s) groupId = org.projectlombok
[DEBUG]   (s) artifactId = lombok
[DEBUG]   (f) annotationProcessorPaths = [org.projectlombok:lombok.jar]
[DEBUG]   (f) annotationProcessorPathsUseDepMgmt = false
[DEBUG]   (f) basedir = C:\Users\rishi\OneDrive\Desktop\demo-App\Shubh-vivah-app\backend\OneDrive\Desktop\ShubhVivah-User-Application
[DEBUG]   (f) buildDirectory = C:\Users\rishi\OneDrive\Desktop\demo-App\Shubh-vivah-app\backend\OneDrive\Desktop\ShubhVivah-User-Application\target
[DEBUG]   (f) compilePath = [C:\Users\rishi\OneDrive\Desktop\demo-App\Shubh-vivah-app\backend\OneDrive\Desktop\ShubhVivah-User-Application\target\classes, C:\Users\rishi\.m2\repository\org\springframework\boot\spring-boot-starter-data-jpa\3.4.2\spring-boot-starter-data-jpa-3.4.2.jar, C:\Users\rishi\.m2\repository\org\springframework\boot\spring-boot-starter\3.4.2\spring-boot-starter-3.4.2.jar, C:\Users\rishi\.m2\repository\org\springframework\boot\spring-boot-starter-logging\3.4.2\spring-boot-starter-logging-3.4.2.jar, C:\Users\rishi\.m2\repository\ch\qos\logback\logback-classic\1.5.16\logback-classic-1.5.16.jar, C:\Users\rishi\.m2\repository\ch\qos\logback\logback-core\1.5.16\logback-core-1.5.16.jar, C:\Users\rishi\.m2\repository\org\apache\logging\log4j\log4j-to-slf4j\2.24.3\log4j-to-slf4j-2.24.3.jar, C:\Users\rishi\.m2\repository\org\apache\logging\log4j\log4j-api\2.24.3\log4j-api-2.24.3.jar, C:\Users\rishi\.m2\repository\org\slf4j\jul-to-slf4j\2.0.16\jul-to-slf4j-2.0.16.jar, C:\Users\rishi\.m2\repository\jakarta\annotation\jakarta.annotation-api\2.1.1\jakarta.annotation-api-2.1.1.jar, C:\Users\rishi\.m2\repository\org\yaml\snakeyaml\2.3\snakeyaml-2.3.jar, C:\Users\rishi\.m2\repository\org\springframework\boot\spring-boot-starter-jdbc\3.4.2\spring-boot-starter-jdbc-3.4.2.jar, C:\Users\rishi\.m2\repository\com\zaxxer\HikariCP\5.1.0\HikariCP-5.1.0.jar, C:\Users\rishi\.m2\repository\org\springframework\spring-jdbc\6.2.2\spring-jdbc-6.2.2.jar, C:\Users\rishi\.m2\repository\org\hibernate\orm\hibernate-core\6.6.5.Final\hibernate-core-6.6.5.Final.jar, C:\Users\rishi\.m2\repository\jakarta\persistence\jakarta.persistence-api\3.1.0\jakarta.persistence-api-3.1.0.jar, C:\Users\rishi\.m2\repository\jakarta\transaction\jakarta.transaction-api\2.0.1\jakarta.transaction-api-2.0.1.jar, C:\Users\rishi\.m2\repository\org\jboss\logging\jboss-logging\3.6.1.Final\jboss-logging-3.6.1.Final.jar, C:\Users\rishi\.m2\repository\com\fasterxml\classmate\1.7.0\classmate-1.7.0.jar, C:\Users\rishi\.m2\repository\org\antlr\antlr4-runtime\4.13.0\antlr4-runtime-4.13.0.jar, C:\Users\rishi\.m2\repository\org\springframework\data\spring-data-jpa\3.4.2\spring-data-jpa-3.4.2.jar, C:\Users\rishi\.m2\repository\org\springframework\data\spring-data-commons\3.4.2\spring-data-commons-3.4.2.jar, C:\Users\rishi\.m2\repository\org\springframework\spring-orm\6.2.2\spring-orm-6.2.2.jar, C:\Users\rishi\.m2\repository\org\springframework\spring-context\6.2.2\spring-context-6.2.2.jar, C:\Users\rishi\.m2\repository\org\springframework\spring-tx\6.2.2\spring-tx-6.2.2.jar, C:\Users\rishi\.m2\repository\org\springframework\spring-beans\6.2.2\spring-beans-6.2.2.jar, C:\Users\rishi\.m2\repository\org\slf4j\slf4j-api\2.0.16\slf4j-api-2.0.16.jar, C:\Users\rishi\.m2\repository\org\springframework\spring-aspects\6.2.2\spring-aspects-6.2.2.jar, C:\Users\rishi\.m2\repository\org\aspectj\aspectjweaver\1.9.22.1\aspectjweaver-1.9.22.1.jar, C:\Users\rishi\.m2\repository\org\springframework\boot\spring-boot-starter-security\3.4.2\spring-boot-starter-security-3.4.2.jar, C:\Users\rishi\.m2\repository\org\springframework\spring-aop\6.2.2\spring-aop-6.2.2.jar, C:\Users\rishi\.m2\repository\org\springframework\security\spring-security-config\6.4.2\spring-security-config-6.4.2.jar, C:\Users\rishi\.m2\repository\org\springframework\security\spring-security-web\6.4.2\spring-security-web-6.4.2.jar, C:\Users\rishi\.m2\repository\org\springframework\spring-expression\6.2.2\spring-expression-6.2.2.jar, C:\Users\rishi\.m2\repository\org\springframework\boot\spring-boot-starter-web\3.4.2\spring-boot-starter-web-3.4.2.jar, C:\Users\rishi\.m2\repository\org\springframework\boot\spring-boot-starter-json\3.4.2\spring-boot-starter-json-3.4.2.jar, C:\Users\rishi\.m2\repository\com\fasterxml\jackson\datatype\jackson-datatype-jdk8\2.18.2\jackson-datatype-jdk8-2.18.2.jar, C:\Users\rishi\.m2\repository\com\fasterxml\jackson\module\jackson-module-parameter-names\2.18.2\jackson-module-parameter-names-2.18.2.jar, C:\Users\rishi\.m2\repository\org\springframework\boot\spring-boot-starter-tomcat\3.4.2\spring-boot-starter-tomcat-3.4.2.jar, C:\Users\rishi\.m2\repository\org\apache\tomcat\embed\tomcat-embed-core\10.1.34\tomcat-embed-core-10.1.34.jar, C:\Users\rishi\.m2\repository\org\apache\tomcat\embed\tomcat-embed-websocket\10.1.34\tomcat-embed-websocket-10.1.34.jar, C:\Users\rishi\.m2\repository\org\springframework\spring-web\6.2.2\spring-web-6.2.2.jar, C:\Users\rishi\.m2\repository\io\micrometer\micrometer-observation\1.14.3\micrometer-observation-1.14.3.jar, C:\Users\rishi\.m2\repository\io\micrometer\micrometer-commons\1.14.3\micrometer-commons-1.14.3.jar, C:\Users\rishi\.m2\repository\org\springframework\spring-webmvc\6.2.2\spring-webmvc-6.2.2.jar, C:\Users\rishi\.m2\repository\org\springframework\boot\spring-boot-starter-validation\3.4.2\spring-boot-starter-validation-3.4.2.jar, C:\Users\rishi\.m2\repository\org\apache\tomcat\embed\tomcat-embed-el\10.1.34\tomcat-embed-el-10.1.34.jar, C:\Users\rishi\.m2\repository\org\hibernate\validator\hibernate-validator\8.0.2.Final\hibernate-validator-8.0.2.Final.jar, C:\Users\rishi\.m2\repository\jakarta\validation\jakarta.validation-api\3.0.2\jakarta.validation-api-3.0.2.jar, C:\Users\rishi\.m2\repository\org\springframework\boot\spring-boot-starter-mail\3.4.2\spring-boot-starter-mail-3.4.2.jar, C:\Users\rishi\.m2\repository\org\springframework\spring-context-support\6.2.2\spring-context-support-6.2.2.jar, C:\Users\rishi\.m2\repository\org\eclipse\angus\jakarta.mail\2.0.3\jakarta.mail-2.0.3.jar, C:\Users\rishi\.m2\repository\jakarta\activation\jakarta.activation-api\2.1.3\jakarta.activation-api-2.1.3.jar, C:\Users\rishi\.m2\repository\org\springframework\boot\spring-boot-starter-websocket\3.4.2\spring-boot-starter-websocket-3.4.2.jar, C:\Users\rishi\.m2\repository\org\springframework\spring-messaging\6.2.2\spring-messaging-6.2.2.jar, C:\Users\rishi\.m2\repository\org\springframework\spring-websocket\6.2.2\spring-websocket-6.2.2.jar, C:\Users\rishi\.m2\repository\org\springframework\boot\spring-boot\3.4.2\spring-boot-3.4.2.jar, C:\Users\rishi\.m2\repository\org\springframework\boot\spring-boot-autoconfigure\3.4.2\spring-boot-autoconfigure-3.4.2.jar, C:\Users\rishi\.m2\repository\org\flywaydb\flyway-core\10.20.1\flyway-core-10.20.1.jar, C:\Users\rishi\.m2\repository\com\fasterxml\jackson\dataformat\jackson-dataformat-toml\2.18.2\jackson-dataformat-toml-2.18.2.jar, C:\Users\rishi\.m2\repository\com\fasterxml\jackson\core\jackson-core\2.18.2\jackson-core-2.18.2.jar, C:\Users\rishi\.m2\repository\com\fasterxml\jackson\datatype\jackson-datatype-jsr310\2.18.2\jackson-datatype-jsr310-2.18.2.jar, C:\Users\rishi\.m2\repository\com\fasterxml\jackson\core\jackson-annotations\2.18.2\jackson-annotations-2.18.2.jar, C:\Users\rishi\.m2\repository\org\flywaydb\flyway-database-postgresql\10.20.1\flyway-database-postgresql-10.20.1.jar, C:\Users\rishi\.m2\repository\io\jsonwebtoken\jjwt-api\0.11.5\jjwt-api-0.11.5.jar, C:\Users\rishi\.m2\repository\com\fasterxml\jackson\core\jackson-databind\2.18.2\jackson-databind-2.18.2.jar, C:\Users\rishi\.m2\repository\com\cloudinary\cloudinary-http44\1.39.0\cloudinary-http44-1.39.0.jar, C:\Users\rishi\.m2\repository\com\cloudinary\cloudinary-core\1.39.0\cloudinary-core-1.39.0.jar, C:\Users\rishi\.m2\repository\org\apache\commons\commons-lang3\3.17.0\commons-lang3-3.17.0.jar, C:\Users\rishi\.m2\repository\org\apache\httpcomponents\httpclient\4.4\httpclient-4.4.jar, C:\Users\rishi\.m2\repository\org\apache\httpcomponents\httpcore\4.4.16\httpcore-4.4.16.jar, C:\Users\rishi\.m2\repository\commons-logging\commons-logging\1.2\commons-logging-1.2.jar, C:\Users\rishi\.m2\repository\commons-codec\commons-codec\1.17.2\commons-codec-1.17.2.jar, C:\Users\rishi\.m2\repository\org\apache\httpcomponents\httpmime\4.4\httpmime-4.4.jar, C:\Users\rishi\.m2\repository\io\github\cdimascio\dotenv-java\3.0.0\dotenv-java-3.0.0.jar, C:\Users\rishi\.m2\repository\org\projectlombok\lombok\1.18.36\lombok-1.18.36.jar, C:\Users\rishi\.m2\repository\org\jetbrains\kotlin\kotlin-stdlib-jdk8\2.2.20\kotlin-stdlib-jdk8-2.2.20.jar, C:\Users\rishi\.m2\repository\org\jetbrains\kotlin\kotlin-stdlib\2.2.20\kotlin-stdlib-2.2.20.jar, C:\Users\rishi\.m2\repository\org\jetbrains\annotations\13.0\annotations-13.0.jar, C:\Users\rishi\.m2\repository\org\jetbrains\kotlin\kotlin-stdlib-jdk7\2.2.20\kotlin-stdlib-jdk7-2.2.20.jar, C:\Users\rishi\.m2\repository\org\springframework\spring-core\6.2.2\spring-core-6.2.2.jar, C:\Users\rishi\.m2\repository\org\springframework\spring-jcl\6.2.2\spring-jcl-6.2.2.jar, C:\Users\rishi\.m2\repository\org\springframework\security\spring-security-core\6.4.2\spring-security-core-6.4.2.jar, C:\Users\rishi\.m2\repository\org\springframework\security\spring-security-crypto\6.4.2\spring-security-crypto-6.4.2.jar]
[DEBUG]   (f) compileSourceRoots = [C:\Users\rishi\OneDrive\Desktop\demo-App\Shubh-vivah-app\backend\OneDrive\Desktop\ShubhVivah-User-Application\src\main\java]
[DEBUG]   (f) compilerArgs = [-parameters]
[DEBUG]   (f) compilerId = javac
[DEBUG]   (f) createMissingPackageInfoClass = true
[DEBUG]   (f) debug = true
[DEBUG]   (f) debugFileName = javac
[DEBUG]   (f) enablePreview = false
[DEBUG]   (f) encoding = UTF-8
[DEBUG]   (f) failOnError = true
[DEBUG]   (f) failOnWarning = false
[DEBUG]   (f) fileExtensions = [jar, class]
[DEBUG]   (f) forceJavacCompilerUse = false
[DEBUG]   (f) forceLegacyJavacApi = false
[DEBUG]   (f) fork = false
[DEBUG]   (f) generatedSourcesDirectory = C:\Users\rishi\OneDrive\Desktop\demo-App\Shubh-vivah-app\backend\OneDrive\Desktop\ShubhVivah-User-Application\target\generated-sources\annotations
[DEBUG]   (f) mojoExecution = org.apache.maven.plugins:maven-compiler-plugin:3.13.0:compile {execution: compile}
[DEBUG]   (f) optimize = false
[DEBUG]   (f) outputDirectory = C:\Users\rishi\OneDrive\Desktop\demo-App\Shubh-vivah-app\backend\OneDrive\Desktop\ShubhVivah-User-Application\target\classes
[DEBUG]   (f) parameters = true
[DEBUG]   (f) project = MavenProject: com.example:ShubhVivah:0.0.1-SNAPSHOT @ C:\Users\rishi\OneDrive\Desktop\demo-App\Shubh-vivah-app\backend\OneDrive\Desktop\ShubhVivah-User-Application\pom.xml
[DEBUG]   (f) projectArtifact = com.example:ShubhVivah:jar:0.0.1-SNAPSHOT
[DEBUG]   (s) release = 17
[DEBUG]   (f) session = org.apache.maven.execution.MavenSession@3c78e551
[DEBUG]   (f) showCompilationChanges = false
[DEBUG]   (f) showDeprecation = false
[DEBUG]   (f) showWarnings = true
[DEBUG]   (f) skipMultiThreadWarning = false
[DEBUG]   (f) source = 17
[DEBUG]   (f) staleMillis = 0
[DEBUG]   (s) target = 17
[DEBUG]   (f) useIncrementalCompilation = true
[DEBUG]   (f) verbose = false
[DEBUG] -- end configuration --
[DEBUG] Using compiler 'javac'.
[DEBUG] Adding C:\Users\rishi\OneDrive\Desktop\demo-App\Shubh-vivah-app\backend\OneDrive\Desktop\ShubhVivah-User-Application\target\generated-sources\annotations to compile source roots:
  C:\Users\rishi\OneDrive\Desktop\demo-App\Shubh-vivah-app\backend\OneDrive\Desktop\ShubhVivah-User-Application\src\main\java
[DEBUG] New compile source roots:
  C:\Users\rishi\OneDrive\Desktop\demo-App\Shubh-vivah-app\backend\OneDrive\Desktop\ShubhVivah-User-Application\src\main\java
  C:\Users\rishi\OneDrive\Desktop\demo-App\Shubh-vivah-app\backend\OneDrive\Desktop\ShubhVivah-User-Application\target\generated-sources\annotations
[DEBUG] Dependency collection stats {ConflictMarker.analyzeTime=26800, ConflictMarker.markTime=18400, ConflictMarker.nodeCount=2, ConflictIdSorter.graphTime=3701, ConflictIdSorter.topsortTime=9800, ConflictIdSorter.conflictIdCount=1, ConflictIdSorter.conflictIdCycleCount=0, ConflictResolver.totalTime=108801, ConflictResolver.conflictItemCount=1, DfDependencyCollector.collectTime=2858500, DfDependencyCollector.transformTime=188200}
[DEBUG] CompilerReuseStrategy: reuseCreated
[DEBUG] useIncrementalCompilation enabled
[INFO] Nothing to compile - all classes are up to date.
[INFO] 
[INFO] --- resources:3.3.1:testResources (default-testResources) @ ShubhVivah ---
[DEBUG] Loading mojo org.apache.maven.plugins:maven-resources-plugin:3.3.1:testResources from plugin realm ClassRealm[plugin>org.apache.maven.plugins:maven-resources-plugin:3.3.1, parent: jdk.internal.loader.ClassLoaders$AppClassLoader@73d16e93]
[DEBUG] Configuring mojo execution 'org.apache.maven.plugins:maven-resources-plugin:3.3.1:testResources:default-testResources' with basic configurator -->
[DEBUG]   (f) addDefaultExcludes = true
[DEBUG]   (f) buildFilters = []
[DEBUG]   (s) delimiters = [@]
[DEBUG]   (f) encoding = UTF-8
[DEBUG]   (f) escapeWindowsPaths = true
[DEBUG]   (f) fileNameFiltering = false
[DEBUG]   (s) includeEmptyDirs = false
[DEBUG]   (s) outputDirectory = C:\Users\rishi\OneDrive\Desktop\demo-App\Shubh-vivah-app\backend\OneDrive\Desktop\ShubhVivah-User-Application\target\test-classes
[DEBUG]   (s) overwrite = false
[DEBUG]   (f) project = MavenProject: com.example:ShubhVivah:0.0.1-SNAPSHOT @ C:\Users\rishi\OneDrive\Desktop\demo-App\Shubh-vivah-app\backend\OneDrive\Desktop\ShubhVivah-User-Application\pom.xml
[DEBUG]   (f) propertiesEncoding = UTF-8
[DEBUG]   (s) resources = [Resource {targetPath: null, filtering: false, FileSet {directory: C:\Users\rishi\OneDrive\Desktop\demo-App\Shubh-vivah-app\backend\OneDrive\Desktop\ShubhVivah-User-Application\src\test\resources, PatternSet [includes: {}, excludes: {}]}}]
[DEBUG]   (f) session = org.apache.maven.execution.MavenSession@3c78e551
[DEBUG]   (f) skip = false
[DEBUG]   (f) supportMultiLineFiltering = false
[DEBUG]   (f) useBuildFilters = true
[DEBUG]   (s) useDefaultDelimiters = false
[DEBUG] -- end configuration --
[DEBUG] properties used:
[DEBUG] activemq.version: 6.1.5
[DEBUG] angus-mail.version: 2.0.3
[DEBUG] artemis.version: 2.37.0
[DEBUG] aspectj.version: 1.9.22.1
[DEBUG] assertj.version: 3.26.3
[DEBUG] awaitility.version: 4.2.2
[DEBUG] brave.version: 6.0.3
[DEBUG] build-helper-maven-plugin.version: 3.6.0
[DEBUG] byte-buddy.version: 1.15.11
[DEBUG] cache2k.version: 2.6.1.Final
[DEBUG] caffeine.version: 3.1.8
[DEBUG] cassandra-driver.version: 4.18.1
[DEBUG] classmate.version: 1.7.0
[DEBUG] classworlds.conf: C:\Users\rishi\Downloads\apache-maven-3.9.11-bin\apache-maven-3.9.11\bin\m2.conf
[DEBUG] commons-codec.version: 1.17.2
[DEBUG] commons-dbcp2.version: 2.12.0
[DEBUG] commons-lang3.version: 3.17.0
[DEBUG] commons-pool.version: 1.6
[DEBUG] commons-pool2.version: 2.12.0
[DEBUG] couchbase-client.version: 3.7.7
[DEBUG] crac.version: 1.5.0
[DEBUG] cyclonedx-maven-plugin.version: 2.9.1
[DEBUG] db2-jdbc.version: 11.5.9.0
[DEBUG] dependency-management-plugin.version: 1.1.7
[DEBUG] derby.version: 10.16.1.1
[DEBUG] ehcache3.version: 3.10.8
[DEBUG] elasticsearch-client.version: 8.15.5
[DEBUG] env.=C:: C:\Users\rishi\OneDrive\Desktop\demo-App\Shubh-vivah-app\backend\OneDrive\Desktop\ShubhVivah-User-Application
[DEBUG] env.=EXITCODE: 00000000
[DEBUG] env.ALLUSERSPROFILE: C:\ProgramData
[DEBUG] env.AMDRMSDKPATH: C:\Program Files\AMD\RyzenMasterSDK\
[DEBUG] env.ANDROID_HOME: C:\Users\rishi\AppData\Local\Android\Sdk
[DEBUG] env.ANTIGRAVITY_AGENT: 1
[DEBUG] env.ANTIGRAVITY_CLI_ALIAS: agy
[DEBUG] env.APPDATA: C:\Users\rishi\AppData\Roaming
[DEBUG] env.CHOCOLATEYINSTALL: C:\ProgramData\chocolatey
[DEBUG] env.CHOCOLATEYLASTPATHUPDATE: 134082889227266363
[DEBUG] env.CHROME_CRASHPAD_PIPE_NAME: \\.\pipe\crashpad_40344_NASWXKMDPHWAZWQB
[DEBUG] env.CLASSWORLDS_JAR: "C:\Users\rishi\Downloads\apache-maven-3.9.11-bin\apache-maven-3.9.11\boot\plexus-classworlds-2.9.0.jar"
[DEBUG] env.CLASSWORLDS_LAUNCHER: org.codehaus.plexus.classworlds.launcher.Launcher
[DEBUG] env.COLORTERM: truecolor
[DEBUG] env.COMMONPROGRAMFILES: C:\Program Files\Common Files
[DEBUG] env.COMMONPROGRAMFILES(X86): C:\Program Files (x86)\Common Files
[DEBUG] env.COMMONPROGRAMW6432: C:\Program Files\Common Files
[DEBUG] env.COMPUTERNAME: RISHI
[DEBUG] env.COMSPEC: C:\windows\system32\cmd.exe
[DEBUG] env.CURL_CA_BUNDLE: C:\Program Files\PostgreSQL\17\ssl\certs\ca-bundle.crt
[DEBUG] env.DRIVERDATA: C:\Windows\System32\Drivers\DriverData
[DEBUG] env.EFC_12012_1592913036: 1
[DEBUG] env.ERROR_CODE: 0
[DEBUG] env.EXEC_DIR: C:\Users\rishi\OneDrive\Desktop\demo-App\Shubh-vivah-app\backend\OneDrive\Desktop\ShubhVivah-User-Application
[DEBUG] env.FPS_BROWSER_APP_PROFILE_STRING: Internet Explorer
[DEBUG] env.FPS_BROWSER_USER_PROFILE_STRING: Default
[DEBUG] env.GDAL_DATA: C:\Program Files\PostgreSQL\17\gdal-data
[DEBUG] env.GIT_ASKPASS: c:\Users\rishi\AppData\Local\Programs\Antigravity\resources\app\extensions\git\dist\askpass.sh
[DEBUG] env.HOMEDRIVE: C:
[DEBUG] env.HOMEPATH: \Users\rishi
[DEBUG] env.JAVACMD: C:\Program Files\Microsoft\jdk-17.0.17.10-hotspot\\bin\java.exe
[DEBUG] env.JAVA_HOME: C:\Program Files\Microsoft\jdk-17.0.17.10-hotspot\
[DEBUG] env.JVMCONFIG: \.mvn\jvm.config
[DEBUG] env.LANG: en_US.UTF-8
[DEBUG] env.LOCALAPPDATA: C:\Users\rishi\AppData\Local
[DEBUG] env.LOGONSERVER: \\RISHI
[DEBUG] env.MAVEN_CMD_LINE_ARGS: spring-boot:run -X
[DEBUG] env.MAVEN_HOME: C:\Users\rishi\Downloads\apache-maven-3.9.11-bin\apache-maven-3.9.11
[DEBUG] env.MAVEN_OPTS: --enable-native-access=ALL-UNNAMED 
[DEBUG] env.MAVEN_PROJECTBASEDIR: C:\Users\rishi\OneDrive\Desktop\demo-App\Shubh-vivah-app\backend\OneDrive\Desktop\ShubhVivah-User-Application
[DEBUG] env.NUMBER_OF_PROCESSORS: 16
[DEBUG] env.ONEDRIVE: C:\Users\rishi\OneDrive
[DEBUG] env.ONEDRIVECONSUMER: C:\Users\rishi\OneDrive
[DEBUG] env.ONLINESERVICES: Online Services
[DEBUG] env.OS: Windows_NT
[DEBUG] env.PAGER: cat
[DEBUG] env.PATH: C:\Program Files\Microsoft\jdk-17.0.17.10-hotspot\bin;C:\Python314\Scripts\;C:\Python314\;C:\Program Files\Common Files\Oracle\Java\javapath;C:\windows\system32;C:\windows;C:\windows\System32\Wbem;C:\windows\System32\WindowsPowerShell\v1.0\;C:\windows\System32\OpenSSH\;C:\Program Files (x86)\NVIDIA Corporation\PhysX\Common;C:\Program Files\NVIDIA Corporation\NVIDIA NvDLISR;C:\Users\Administrator\AppData\Local\Microsoft\WindowsApps;C:\Program Files\HP\OMEN-Broadcast\Common;C:\Program Files\HP\HP One Agent;C:\Program Files\Git\cmd;C:\Program Files\Java\jdk-17\bin;C:\flutter\bin;C:\ProgramData\chocolatey\bin;C:\Users\rishi\Downloads\apache-maven-3.9.11-bin\apache-maven-3.9.11\bin;C:\Program Files\nodejs\;C:\Program Files\MySQL\MySQL Shell 8.0\bin\;C:\Users\rishi\AppData\Local\Programs\Python\Python313\Scripts\;C:\Users\rishi\AppData\Local\Programs\Python\Python313\;C:\Users\rishi\AppData\Local\Microsoft\WindowsApps;C:\Program Files\MySQL\MySQL Server 8.0\bin;C:\flutter\bin;C:\Users\rishi\AppData\Local\Programs\Microsoft VS Code\bin;C:\Users\rishi\AppData\Roaming\npm;C:\Users\rishi\AppData\Local\Android\Sdk\platform-tools;C:\Users\rishi\AppData\Local\Programs\Antigravity\bin;C:\Users\rishi\AppData\Local\Programs\Windsurf\bin;C:\Users\rishi\AppData\Local\Programs\cursor\resources\app\bin;c:\Users\rishi\.antigravity\extensions\vscjava.vscode-java-debug-0.58.5-universal\bundled\scripts\noConfigScripts
[DEBUG] env.PATHEXT: .COM;.EXE;.BAT;.CMD;.VBS;.VBE;.JS;.JSE;.WSF;.WSH;.MSC;.PY;.PYW;.CPL
[DEBUG] env.PLATFORMCODE: M7
[DEBUG] env.POSTGIS_ENABLE_OUTDB_RASTERS: 1
[DEBUG] env.POSTGIS_GDAL_ENABLED_DRIVERS: GTiff PNG JPEG GIF XYZ DTED USGSDEM AAIGrid
[DEBUG] env.PROCESSOR_ARCHITECTURE: AMD64
[DEBUG] env.PROCESSOR_IDENTIFIER: AMD64 Family 25 Model 116 Stepping 1, AuthenticAMD
[DEBUG] env.PROCESSOR_LEVEL: 25
[DEBUG] env.PROCESSOR_REVISION: 7401
[DEBUG] env.PROGRAMDATA: C:\ProgramData
[DEBUG] env.PROGRAMFILES: C:\Program Files
[DEBUG] env.PROGRAMFILES(X86): C:\Program Files (x86)
[DEBUG] env.PROGRAMW6432: C:\Program Files
[DEBUG] env.PROJ_LIB: C:\Program Files\PostgreSQL\17\share\contrib\postgis-3.5\proj
[DEBUG] env.PROMPT: $P$G
[DEBUG] env.PSMODULEPATH: C:\Users\rishi\OneDrive\Documents\WindowsPowerShell\Modules;C:\Program Files\WindowsPowerShell\Modules;C:\windows\system32\WindowsPowerShell\v1.0\Modules
[DEBUG] env.PUBLIC: C:\Users\Public
[DEBUG] env.REGIONCODE: APJ
[DEBUG] env.SESSIONNAME: Console
[DEBUG] env.SYSTEMDRIVE: C:
[DEBUG] env.SYSTEMROOT: C:\windows
[DEBUG] env.TEMP: C:\Users\rishi\AppData\Local\Temp
[DEBUG] env.TERM_PROGRAM: vscode
[DEBUG] env.TERM_PROGRAM_VERSION: 1.107.0
[DEBUG] env.TMP: C:\Users\rishi\AppData\Local\Temp
[DEBUG] env.USERDOMAIN: RISHI
[DEBUG] env.USERDOMAIN_ROAMINGPROFILE: RISHI
[DEBUG] env.USERNAME: rishi
[DEBUG] env.USERPROFILE: C:\Users\rishi
[DEBUG] env.VSCODE_GIT_ASKPASS_EXTRA_ARGS: 
[DEBUG] env.VSCODE_GIT_ASKPASS_MAIN: c:\Users\rishi\AppData\Local\Programs\Antigravity\resources\app\extensions\git\dist\askpass-main.js
[DEBUG] env.VSCODE_GIT_ASKPASS_NODE: C:\Users\rishi\AppData\Local\Programs\Antigravity\Antigravity.exe
[DEBUG] env.VSCODE_GIT_IPC_HANDLE: \\.\pipe\vscode-git-ff98740ac8-sock
[DEBUG] env.VSCODE_INJECTION: 1
[DEBUG] env.VSCODE_JAVA_EXEC: C:\Program Files\Microsoft\jdk-17.0.17.10-hotspot\bin\java
[DEBUG] env.VSCODE_JDWP_ADAPTER_ENDPOINTS: c:\Users\rishi\.antigravity\extensions\vscjava.vscode-java-debug-0.58.5-universal\.noConfigDebugAdapterEndpoints\endpoint-dd830c80dd34ee24.txt
[DEBUG] env.VSCODE_PYTHON_AUTOACTIVATE_GUARD: 1
[DEBUG] env.WDIR: C:\Users\rishi\OneDrive\Desktop\demo-App\Shubh-vivah-app\backend\OneDrive\Desktop\ShubhVivah-User-Application
[DEBUG] env.WINDIR: C:\windows
[DEBUG] file.encoding: Cp1252
[DEBUG] file.separator: \
[DEBUG] flyway.version: 10.20.1
[DEBUG] freemarker.version: 2.3.34
[DEBUG] git-commit-id-maven-plugin.version: 9.0.1
[DEBUG] glassfish-jaxb.version: 4.0.5
[DEBUG] glassfish-jstl.version: 3.0.1
[DEBUG] graphql-java.version: 22.3
[DEBUG] groovy.version: 4.0.24
[DEBUG] gson.version: 2.11.0
[DEBUG] h2.version: 2.3.232
[DEBUG] hamcrest.version: 2.2
[DEBUG] hazelcast.version: 5.5.0
[DEBUG] hibernate-validator.version: 8.0.2.Final
[DEBUG] hibernate.version: 6.6.5.Final
[DEBUG] hikaricp.version: 5.1.0
[DEBUG] hsqldb.version: 2.7.3
[DEBUG] htmlunit.version: 4.5.0
[DEBUG] httpasyncclient.version: 4.1.5
[DEBUG] httpclient5.version: 5.4.1
[DEBUG] httpcore.version: 4.4.16
[DEBUG] httpcore5.version: 5.3.2
[DEBUG] infinispan.version: 15.0.12.Final
[DEBUG] influxdb-java.version: 2.24
[DEBUG] jackson-bom.version: 2.18.2
[DEBUG] jakarta-activation.version: 2.1.3
[DEBUG] jakarta-annotation.version: 2.1.1
[DEBUG] jakarta-inject.version: 2.0.1
[DEBUG] jakarta-jms.version: 3.1.0
[DEBUG] jakarta-json-bind.version: 3.0.1
[DEBUG] jakarta-json.version: 2.1.3
[DEBUG] jakarta-mail.version: 2.1.3
[DEBUG] jakarta-management.version: 1.1.4
[DEBUG] jakarta-persistence.version: 3.1.0
[DEBUG] jakarta-servlet-jsp-jstl.version: 3.0.2
[DEBUG] jakarta-servlet.version: 6.0.0
[DEBUG] jakarta-transaction.version: 2.0.1
[DEBUG] jakarta-validation.version: 3.0.2
[DEBUG] jakarta-websocket.version: 2.1.1
[DEBUG] jakarta-ws-rs.version: 3.1.0
[DEBUG] jakarta-xml-bind.version: 4.0.2
[DEBUG] jakarta-xml-soap.version: 3.0.2
[DEBUG] jakarta-xml-ws.version: 4.0.2
[DEBUG] janino.version: 3.1.12
[DEBUG] java.class.path: C:\Users\rishi\Downloads\apache-maven-3.9.11-bin\apache-maven-3.9.11\boot\plexus-classworlds-2.9.0.jar
[DEBUG] java.class.version: 61.0
[DEBUG] java.home: C:\Program Files\Microsoft\jdk-17.0.17.10-hotspot
[DEBUG] java.io.tmpdir: C:\Users\rishi\AppData\Local\Temp\
[DEBUG] java.library.path: C:\Program Files\Microsoft\jdk-17.0.17.10-hotspot\bin;C:\windows\Sun\Java\bin;C:\windows\system32;C:\windows;C:\Program Files\Microsoft\jdk-17.0.17.10-hotspot\bin;C:\Python314\Scripts\;C:\Python314\;C:\Program Files\Common Files\Oracle\Java\javapath;C:\windows\system32;C:\windows;C:\windows\System32\Wbem;C:\windows\System32\WindowsPowerShell\v1.0\;C:\windows\System32\OpenSSH\;C:\Program Files (x86)\NVIDIA Corporation\PhysX\Common;C:\Program Files\NVIDIA Corporation\NVIDIA NvDLISR;C:\Users\Administrator\AppData\Local\Microsoft\WindowsApps;C:\Program Files\HP\OMEN-Broadcast\Common;C:\Program Files\HP\HP One Agent;C:\Program Files\Git\cmd;C:\Program Files\Java\jdk-17\bin;C:\flutter\bin;C:\ProgramData\chocolatey\bin;C:\Users\rishi\Downloads\apache-maven-3.9.11-bin\apache-maven-3.9.11\bin;C:\Program Files\nodejs\;C:\Program Files\MySQL\MySQL Shell 8.0\bin\;C:\Users\rishi\AppData\Local\Programs\Python\Python313\Scripts\;C:\Users\rishi\AppData\Local\Programs\Python\Python313\;C:\Users\rishi\AppData\Local\Microsoft\WindowsApps;C:\Program Files\MySQL\MySQL Server 8.0\bin;C:\flutter\bin;C:\Users\rishi\AppData\Local\Programs\Microsoft VS Code\bin;C:\Users\rishi\AppData\Roaming\npm;C:\Users\rishi\AppData\Local\Android\Sdk\platform-tools;C:\Users\rishi\AppData\Local\Programs\Antigravity\bin;C:\Users\rishi\AppData\Local\Programs\Windsurf\bin;C:\Users\rishi\AppData\Local\Programs\cursor\resources\app\bin;c:\Users\rishi\.antigravity\extensions\vscjava.vscode-java-debug-0.58.5-universal\bundled\scripts\noConfigScripts;.
[DEBUG] java.runtime.name: OpenJDK Runtime Environment
[DEBUG] java.runtime.version: 17.0.17+10-LTS
[DEBUG] java.specification.maintenance.version: 1
[DEBUG] java.specification.name: Java Platform API Specification
[DEBUG] java.specification.vendor: Oracle Corporation
[DEBUG] java.specification.version: 17
[DEBUG] java.vendor: Microsoft
[DEBUG] java.vendor.url: https://www.microsoft.com
[DEBUG] java.vendor.url.bug: https://github.com/microsoft/openjdk/issues
[DEBUG] java.vendor.version: Microsoft-12574423
[DEBUG] java.version: 17.0.17
[DEBUG] java.version.date: 2025-10-21
[DEBUG] java.vm.compressedOopsMode: Zero based
[DEBUG] java.vm.info: mixed mode, sharing
[DEBUG] java.vm.name: OpenJDK 64-Bit Server VM
[DEBUG] java.vm.specification.name: Java Virtual Machine Specification
[DEBUG] java.vm.specification.vendor: Oracle Corporation
[DEBUG] java.vm.specification.version: 17
[DEBUG] java.vm.vendor: Microsoft
[DEBUG] java.vm.version: 17.0.17+10-LTS
[DEBUG] javax-cache.version: 1.1.1
[DEBUG] javax-money.version: 1.1
[DEBUG] jaxen.version: 2.0.0
[DEBUG] jaybird.version: 5.0.6.java11
[DEBUG] jboss-logging.version: 3.6.1.Final
[DEBUG] jdk.debug: release
[DEBUG] jdom2.version: 2.0.6.1
[DEBUG] jedis.version: 5.2.0
[DEBUG] jersey.version: 3.1.10
[DEBUG] jetty-reactive-httpclient.version: 4.0.8
[DEBUG] jetty.version: 12.0.16
[DEBUG] jmustache.version: 1.16
[DEBUG] jooq.version: 3.19.18
[DEBUG] json-path.version: 2.9.0
[DEBUG] json-smart.version: 2.5.1
[DEBUG] jsonassert.version: 1.5.3
[DEBUG] jtds.version: 1.3.1
[DEBUG] junit-jupiter.version: 5.11.4
[DEBUG] junit.version: 4.13.2
[DEBUG] kafka.version: 3.8.1
[DEBUG] kotlin-coroutines.version: 1.8.1
[DEBUG] kotlin-serialization.version: 1.6.3
[DEBUG] kotlin.version: 2.2.20
[DEBUG] lettuce.version: 6.4.2.RELEASE
[DEBUG] library.jansi.path: C:\Users\rishi\Downloads\apache-maven-3.9.11-bin\apache-maven-3.9.11\lib\jansi-native
[DEBUG] line.separator: 

[DEBUG] liquibase.version: 4.29.2
[DEBUG] log4j2.version: 2.24.3
[DEBUG] logback.version: 1.5.16
[DEBUG] lombok.version: 1.18.36
[DEBUG] mariadb.version: 3.4.1
[DEBUG] maven-antrun-plugin.version: 3.1.0
[DEBUG] maven-assembly-plugin.version: 3.7.1
[DEBUG] maven-clean-plugin.version: 3.4.0
[DEBUG] maven-compiler-plugin.version: 3.13.0
[DEBUG] maven-dependency-plugin.version: 3.8.1
[DEBUG] maven-deploy-plugin.version: 3.1.3
[DEBUG] maven-enforcer-plugin.version: 3.5.0
[DEBUG] maven-failsafe-plugin.version: 3.5.2
[DEBUG] maven-help-plugin.version: 3.5.1
[DEBUG] maven-install-plugin.version: 3.1.3
[DEBUG] maven-invoker-plugin.version: 3.8.1
[DEBUG] maven-jar-plugin.version: 3.4.2
[DEBUG] maven-javadoc-plugin.version: 3.10.1
[DEBUG] maven-resources-plugin.version: 3.3.1
[DEBUG] maven-shade-plugin.version: 3.6.0
[DEBUG] maven-source-plugin.version: 3.3.1
[DEBUG] maven-surefire-plugin.version: 3.5.2
[DEBUG] maven-war-plugin.version: 3.4.0
[DEBUG] maven.build.timestamp: 2026-03-18T08:27:52Z
[DEBUG] maven.build.version: Apache Maven 3.9.11 (3e54c93a704957b63ee3494413a2b544fd3d825b)
[DEBUG] maven.compiler.release: 17
[DEBUG] maven.compiler.source: 17
[DEBUG] maven.compiler.target: 17
[DEBUG] maven.conf: C:\Users\rishi\Downloads\apache-maven-3.9.11-bin\apache-maven-3.9.11/conf
[DEBUG] maven.home: C:\Users\rishi\Downloads\apache-maven-3.9.11-bin\apache-maven-3.9.11
[DEBUG] maven.multiModuleProjectDirectory: C:\Users\rishi\OneDrive\Desktop\demo-App\Shubh-vivah-app\backend\OneDrive\Desktop\ShubhVivah-User-Application
[DEBUG] maven.version: 3.9.11
[DEBUG] micrometer-tracing.version: 1.4.2
[DEBUG] micrometer.version: 1.14.3
[DEBUG] mockito.version: 5.14.2
[DEBUG] mongodb.version: 5.2.1
[DEBUG] mssql-jdbc.version: 12.8.1.jre11
[DEBUG] mysql.version: 9.1.0
[DEBUG] native-build-tools-plugin.version: 0.10.4
[DEBUG] native.encoding: Cp1252
[DEBUG] nekohtml.version: 1.9.22
[DEBUG] neo4j-java-driver.version: 5.25.0
[DEBUG] netty.version: 4.1.117.Final
[DEBUG] opentelemetry.version: 1.43.0
[DEBUG] oracle-database.version: 23.5.0.24.07
[DEBUG] oracle-r2dbc.version: 1.2.0
[DEBUG] os.arch: amd64
[DEBUG] os.name: Windows 11
[DEBUG] os.version: 10.0
[DEBUG] path.separator: ;
[DEBUG] pooled-jms.version: 3.1.7
[DEBUG] postgresql.version: 42.7.5
[DEBUG] project.baseUri: file:/C:/Users/rishi/OneDrive/Desktop/demo-App/Shubh-vivah-app/backend/OneDrive/Desktop/ShubhVivah-User-Application/
[DEBUG] project.build.sourceEncoding: UTF-8
[DEBUG] project.reporting.outputEncoding: UTF-8
[DEBUG] prometheus-client.version: 1.3.5
[DEBUG] prometheus-simpleclient.version: 0.16.0
[DEBUG] pulsar-reactive.version: 0.5.10
[DEBUG] pulsar.version: 3.3.4
[DEBUG] quartz.version: 2.3.2
[DEBUG] querydsl.version: 5.1.0
[DEBUG] r2dbc-h2.version: 1.0.0.RELEASE
[DEBUG] r2dbc-mariadb.version: 1.2.2
[DEBUG] r2dbc-mssql.version: 1.0.2.RELEASE
[DEBUG] r2dbc-mysql.version: 1.3.1
[DEBUG] r2dbc-pool.version: 1.0.2.RELEASE
[DEBUG] r2dbc-postgresql.version: 1.0.7.RELEASE
[DEBUG] r2dbc-proxy.version: 1.1.5.RELEASE
[DEBUG] r2dbc-spi.version: 1.0.0.RELEASE
[DEBUG] rabbit-amqp-client.version: 5.22.0
[DEBUG] rabbit-stream-client.version: 0.18.0
[DEBUG] reactive-streams.version: 1.0.4
[DEBUG] reactor-bom.version: 2024.0.2
[DEBUG] resource.delimiter: @
[DEBUG] rest-assured.version: 5.5.0
[DEBUG] rsocket.version: 1.1.3
[DEBUG] rxjava3.version: 3.1.10
[DEBUG] saaj-impl.version: 3.0.4
[DEBUG] selenium-htmlunit.version: 4.25.0
[DEBUG] selenium.version: 4.25.0
[DEBUG] sendgrid.version: 4.10.3
[DEBUG] slf4j.version: 2.0.16
[DEBUG] snakeyaml.version: 2.3
[DEBUG] spring-amqp.version: 3.2.2
[DEBUG] spring-authorization-server.version: 1.4.1
[DEBUG] spring-batch.version: 5.2.1
[DEBUG] spring-boot.run.main-class: ${start-class}
[DEBUG] spring-data-bom.version: 2024.1.2
[DEBUG] spring-framework.version: 6.2.2
[DEBUG] spring-graphql.version: 1.3.3
[DEBUG] spring-hateoas.version: 2.4.1
[DEBUG] spring-integration.version: 6.4.1
[DEBUG] spring-kafka.version: 3.3.2
[DEBUG] spring-ldap.version: 3.2.10
[DEBUG] spring-pulsar.version: 1.2.2
[DEBUG] spring-restdocs.version: 3.0.3
[DEBUG] spring-retry.version: 2.0.11
[DEBUG] spring-security.version: 6.4.2
[DEBUG] spring-session.version: 3.4.1
[DEBUG] spring-ws.version: 4.0.11
[DEBUG] sqlite-jdbc.version: 3.47.2.0
[DEBUG] sun.arch.data.model: 64
[DEBUG] sun.boot.library.path: C:\Program Files\Microsoft\jdk-17.0.17.10-hotspot\bin
[DEBUG] sun.cpu.endian: little
[DEBUG] sun.cpu.isalist: amd64
[DEBUG] sun.io.unicode.encoding: UnicodeLittle
[DEBUG] sun.java.command: org.codehaus.plexus.classworlds.launcher.Launcher spring-boot:run -X
[DEBUG] sun.java.launcher: SUN_STANDARD
[DEBUG] sun.jnu.encoding: Cp1252
[DEBUG] sun.management.compiler: HotSpot 64-Bit Tiered Compilers
[DEBUG] sun.os.patch.level: 
[DEBUG] sun.stderr.encoding: cp437
[DEBUG] testcontainers-redis-module.version: 2.2.2
[DEBUG] testcontainers.version: 1.20.4
[DEBUG] thymeleaf-extras-data-attribute.version: 2.0.1
[DEBUG] thymeleaf-extras-springsecurity.version: 3.1.3.RELEASE
[DEBUG] thymeleaf-layout-dialect.version: 3.3.0
[DEBUG] thymeleaf.version: 3.1.3.RELEASE
[DEBUG] tomcat.version: 10.1.34
[DEBUG] unboundid-ldapsdk.version: 6.0.11
[DEBUG] undertow.version: 2.3.18.Final
[DEBUG] user.country: IN
[DEBUG] user.dir: C:\Users\rishi\OneDrive\Desktop\demo-App\Shubh-vivah-app\backend\OneDrive\Desktop\ShubhVivah-User-Application
[DEBUG] user.home: C:\Users\rishi
[DEBUG] user.language: en
[DEBUG] user.name: rishi
[DEBUG] user.script: 
[DEBUG] user.variant: 
[DEBUG] versions-maven-plugin.version: 2.17.1
[DEBUG] webjars-locator-core.version: 0.59
[DEBUG] webjars-locator-lite.version: 1.0.1
[DEBUG] wsdl4j.version: 1.6.3
[DEBUG] xml-maven-plugin.version: 1.1.0
[DEBUG] xmlunit2.version: 2.10.0
[DEBUG] yasson.version: 3.0.4
[DEBUG] zipkin-reporter.version: 3.4.3
[DEBUG] Using 'UTF-8' encoding to copy filtered resources.
[DEBUG] Using 'UTF-8' encoding to copy filtered properties files.
[DEBUG] resource with targetPath null
directory C:\Users\rishi\OneDrive\Desktop\demo-App\Shubh-vivah-app\backend\OneDrive\Desktop\ShubhVivah-User-Application\src\test\resources
excludes []
includes []
[INFO] skip non existing resourceDirectory C:\Users\rishi\OneDrive\Desktop\demo-App\Shubh-vivah-app\backend\OneDrive\Desktop\ShubhVivah-User-Application\src\test\resources
[DEBUG] no user filter components
[INFO] 
[INFO] --- kotlin:2.2.20:test-compile (test-compile) @ ShubhVivah ---
[DEBUG] Loading mojo org.jetbrains.kotlin:kotlin-maven-plugin:2.2.20:test-compile from plugin realm ClassRealm[plugin>org.jetbrains.kotlin:kotlin-maven-plugin:2.2.20, parent: jdk.internal.loader.ClassLoaders$AppClassLoader@73d16e93]
[DEBUG] Configuring mojo execution 'org.jetbrains.kotlin:kotlin-maven-plugin:2.2.20:test-compile:test-compile' with basic configurator -->
[DEBUG]   (f) classpath = [C:\Users\rishi\OneDrive\Desktop\demo-App\Shubh-vivah-app\backend\OneDrive\Desktop\ShubhVivah-User-Application\target\classes, C:\Users\rishi\.m2\repository\org\springframework\boot\spring-boot-starter-data-jpa\3.4.2\spring-boot-starter-data-jpa-3.4.2.jar, C:\Users\rishi\.m2\repository\org\springframework\boot\spring-boot-starter\3.4.2\spring-boot-starter-3.4.2.jar, C:\Users\rishi\.m2\repository\org\springframework\boot\spring-boot-starter-logging\3.4.2\spring-boot-starter-logging-3.4.2.jar, C:\Users\rishi\.m2\repository\ch\qos\logback\logback-classic\1.5.16\logback-classic-1.5.16.jar, C:\Users\rishi\.m2\repository\ch\qos\logback\logback-core\1.5.16\logback-core-1.5.16.jar, C:\Users\rishi\.m2\repository\org\apache\logging\log4j\log4j-to-slf4j\2.24.3\log4j-to-slf4j-2.24.3.jar, C:\Users\rishi\.m2\repository\org\apache\logging\log4j\log4j-api\2.24.3\log4j-api-2.24.3.jar, C:\Users\rishi\.m2\repository\org\slf4j\jul-to-slf4j\2.0.16\jul-to-slf4j-2.0.16.jar, C:\Users\rishi\.m2\repository\jakarta\annotation\jakarta.annotation-api\2.1.1\jakarta.annotation-api-2.1.1.jar, C:\Users\rishi\.m2\repository\org\yaml\snakeyaml\2.3\snakeyaml-2.3.jar, C:\Users\rishi\.m2\repository\org\springframework\boot\spring-boot-starter-jdbc\3.4.2\spring-boot-starter-jdbc-3.4.2.jar, C:\Users\rishi\.m2\repository\com\zaxxer\HikariCP\5.1.0\HikariCP-5.1.0.jar, C:\Users\rishi\.m2\repository\org\springframework\spring-jdbc\6.2.2\spring-jdbc-6.2.2.jar, C:\Users\rishi\.m2\repository\org\hibernate\orm\hibernate-core\6.6.5.Final\hibernate-core-6.6.5.Final.jar, C:\Users\rishi\.m2\repository\jakarta\persistence\jakarta.persistence-api\3.1.0\jakarta.persistence-api-3.1.0.jar, C:\Users\rishi\.m2\repository\jakarta\transaction\jakarta.transaction-api\2.0.1\jakarta.transaction-api-2.0.1.jar, C:\Users\rishi\.m2\repository\org\jboss\logging\jboss-logging\3.6.1.Final\jboss-logging-3.6.1.Final.jar, C:\Users\rishi\.m2\repository\com\fasterxml\classmate\1.7.0\classmate-1.7.0.jar, C:\Users\rishi\.m2\repository\org\antlr\antlr4-runtime\4.13.0\antlr4-runtime-4.13.0.jar, C:\Users\rishi\.m2\repository\org\springframework\data\spring-data-jpa\3.4.2\spring-data-jpa-3.4.2.jar, C:\Users\rishi\.m2\repository\org\springframework\data\spring-data-commons\3.4.2\spring-data-commons-3.4.2.jar, C:\Users\rishi\.m2\repository\org\springframework\spring-orm\6.2.2\spring-orm-6.2.2.jar, C:\Users\rishi\.m2\repository\org\springframework\spring-context\6.2.2\spring-context-6.2.2.jar, C:\Users\rishi\.m2\repository\org\springframework\spring-tx\6.2.2\spring-tx-6.2.2.jar, C:\Users\rishi\.m2\repository\org\springframework\spring-beans\6.2.2\spring-beans-6.2.2.jar, C:\Users\rishi\.m2\repository\org\slf4j\slf4j-api\2.0.16\slf4j-api-2.0.16.jar, C:\Users\rishi\.m2\repository\org\springframework\spring-aspects\6.2.2\spring-aspects-6.2.2.jar, C:\Users\rishi\.m2\repository\org\aspectj\aspectjweaver\1.9.22.1\aspectjweaver-1.9.22.1.jar, C:\Users\rishi\.m2\repository\org\springframework\boot\spring-boot-starter-security\3.4.2\spring-boot-starter-security-3.4.2.jar, C:\Users\rishi\.m2\repository\org\springframework\spring-aop\6.2.2\spring-aop-6.2.2.jar, C:\Users\rishi\.m2\repository\org\springframework\security\spring-security-config\6.4.2\spring-security-config-6.4.2.jar, C:\Users\rishi\.m2\repository\org\springframework\security\spring-security-web\6.4.2\spring-security-web-6.4.2.jar, C:\Users\rishi\.m2\repository\org\springframework\spring-expression\6.2.2\spring-expression-6.2.2.jar, C:\Users\rishi\.m2\repository\org\springframework\boot\spring-boot-starter-web\3.4.2\spring-boot-starter-web-3.4.2.jar, C:\Users\rishi\.m2\repository\org\springframework\boot\spring-boot-starter-json\3.4.2\spring-boot-starter-json-3.4.2.jar, C:\Users\rishi\.m2\repository\com\fasterxml\jackson\datatype\jackson-datatype-jdk8\2.18.2\jackson-datatype-jdk8-2.18.2.jar, C:\Users\rishi\.m2\repository\com\fasterxml\jackson\module\jackson-module-parameter-names\2.18.2\jackson-module-parameter-names-2.18.2.jar, C:\Users\rishi\.m2\repository\org\springframework\boot\spring-boot-starter-tomcat\3.4.2\spring-boot-starter-tomcat-3.4.2.jar, C:\Users\rishi\.m2\repository\org\apache\tomcat\embed\tomcat-embed-core\10.1.34\tomcat-embed-core-10.1.34.jar, C:\Users\rishi\.m2\repository\org\apache\tomcat\embed\tomcat-embed-websocket\10.1.34\tomcat-embed-websocket-10.1.34.jar, C:\Users\rishi\.m2\repository\org\springframework\spring-web\6.2.2\spring-web-6.2.2.jar, C:\Users\rishi\.m2\repository\io\micrometer\micrometer-observation\1.14.3\micrometer-observation-1.14.3.jar, C:\Users\rishi\.m2\repository\io\micrometer\micrometer-commons\1.14.3\micrometer-commons-1.14.3.jar, C:\Users\rishi\.m2\repository\org\springframework\spring-webmvc\6.2.2\spring-webmvc-6.2.2.jar, C:\Users\rishi\.m2\repository\org\springframework\boot\spring-boot-starter-validation\3.4.2\spring-boot-starter-validation-3.4.2.jar, C:\Users\rishi\.m2\repository\org\apache\tomcat\embed\tomcat-embed-el\10.1.34\tomcat-embed-el-10.1.34.jar, C:\Users\rishi\.m2\repository\org\hibernate\validator\hibernate-validator\8.0.2.Final\hibernate-validator-8.0.2.Final.jar, C:\Users\rishi\.m2\repository\jakarta\validation\jakarta.validation-api\3.0.2\jakarta.validation-api-3.0.2.jar, C:\Users\rishi\.m2\repository\org\springframework\boot\spring-boot-starter-mail\3.4.2\spring-boot-starter-mail-3.4.2.jar, C:\Users\rishi\.m2\repository\org\springframework\spring-context-support\6.2.2\spring-context-support-6.2.2.jar, C:\Users\rishi\.m2\repository\org\eclipse\angus\jakarta.mail\2.0.3\jakarta.mail-2.0.3.jar, C:\Users\rishi\.m2\repository\jakarta\activation\jakarta.activation-api\2.1.3\jakarta.activation-api-2.1.3.jar, C:\Users\rishi\.m2\repository\org\springframework\boot\spring-boot-starter-websocket\3.4.2\spring-boot-starter-websocket-3.4.2.jar, C:\Users\rishi\.m2\repository\org\springframework\spring-messaging\6.2.2\spring-messaging-6.2.2.jar, C:\Users\rishi\.m2\repository\org\springframework\spring-websocket\6.2.2\spring-websocket-6.2.2.jar, C:\Users\rishi\.m2\repository\org\springframework\boot\spring-boot\3.4.2\spring-boot-3.4.2.jar, C:\Users\rishi\.m2\repository\org\springframework\boot\spring-boot-autoconfigure\3.4.2\spring-boot-autoconfigure-3.4.2.jar, C:\Users\rishi\.m2\repository\org\flywaydb\flyway-core\10.20.1\flyway-core-10.20.1.jar, C:\Users\rishi\.m2\repository\com\fasterxml\jackson\dataformat\jackson-dataformat-toml\2.18.2\jackson-dataformat-toml-2.18.2.jar, C:\Users\rishi\.m2\repository\com\fasterxml\jackson\core\jackson-core\2.18.2\jackson-core-2.18.2.jar, C:\Users\rishi\.m2\repository\com\fasterxml\jackson\datatype\jackson-datatype-jsr310\2.18.2\jackson-datatype-jsr310-2.18.2.jar, C:\Users\rishi\.m2\repository\com\fasterxml\jackson\core\jackson-annotations\2.18.2\jackson-annotations-2.18.2.jar, C:\Users\rishi\.m2\repository\org\flywaydb\flyway-database-postgresql\10.20.1\flyway-database-postgresql-10.20.1.jar, C:\Users\rishi\.m2\repository\io\jsonwebtoken\jjwt-api\0.11.5\jjwt-api-0.11.5.jar, C:\Users\rishi\.m2\repository\com\fasterxml\jackson\core\jackson-databind\2.18.2\jackson-databind-2.18.2.jar, C:\Users\rishi\.m2\repository\com\cloudinary\cloudinary-http44\1.39.0\cloudinary-http44-1.39.0.jar, C:\Users\rishi\.m2\repository\com\cloudinary\cloudinary-core\1.39.0\cloudinary-core-1.39.0.jar, C:\Users\rishi\.m2\repository\org\apache\commons\commons-lang3\3.17.0\commons-lang3-3.17.0.jar, C:\Users\rishi\.m2\repository\org\apache\httpcomponents\httpclient\4.4\httpclient-4.4.jar, C:\Users\rishi\.m2\repository\org\apache\httpcomponents\httpcore\4.4.16\httpcore-4.4.16.jar, C:\Users\rishi\.m2\repository\commons-logging\commons-logging\1.2\commons-logging-1.2.jar, C:\Users\rishi\.m2\repository\commons-codec\commons-codec\1.17.2\commons-codec-1.17.2.jar, C:\Users\rishi\.m2\repository\org\apache\httpcomponents\httpmime\4.4\httpmime-4.4.jar, C:\Users\rishi\.m2\repository\io\github\cdimascio\dotenv-java\3.0.0\dotenv-java-3.0.0.jar, C:\Users\rishi\.m2\repository\org\projectlombok\lombok\1.18.36\lombok-1.18.36.jar, C:\Users\rishi\.m2\repository\org\jetbrains\kotlin\kotlin-stdlib-jdk8\2.2.20\kotlin-stdlib-jdk8-2.2.20.jar, C:\Users\rishi\.m2\repository\org\jetbrains\kotlin\kotlin-stdlib\2.2.20\kotlin-stdlib-2.2.20.jar, C:\Users\rishi\.m2\repository\org\jetbrains\annotations\13.0\annotations-13.0.jar, C:\Users\rishi\.m2\repository\org\jetbrains\kotlin\kotlin-stdlib-jdk7\2.2.20\kotlin-stdlib-jdk7-2.2.20.jar, C:\Users\rishi\.m2\repository\org\springframework\spring-core\6.2.2\spring-core-6.2.2.jar, C:\Users\rishi\.m2\repository\org\springframework\spring-jcl\6.2.2\spring-jcl-6.2.2.jar, C:\Users\rishi\.m2\repository\org\springframework\security\spring-security-core\6.4.2\spring-security-core-6.4.2.jar, C:\Users\rishi\.m2\repository\org\springframework\security\spring-security-crypto\6.4.2\spring-security-crypto-6.4.2.jar]
[DEBUG]   (f) defaultSourceDir = [C:\Users\rishi\OneDrive\Desktop\demo-App\Shubh-vivah-app\backend\OneDrive\Desktop\ShubhVivah-User-Application\src\test\java]
[DEBUG]   (f) defaultSourceDirs = [C:\Users\rishi\OneDrive\Desktop\demo-App\Shubh-vivah-app\backend\OneDrive\Desktop\ShubhVivah-User-Application\src\test\java]
[DEBUG]   (f) incrementalCachesRoot = C:\Users\rishi\OneDrive\Desktop\demo-App\Shubh-vivah-app\backend\OneDrive\Desktop\ShubhVivah-User-Application\target/kotlin-ic
[DEBUG]   (f) javaParameters = true
[DEBUG]   (f) jvmTarget = 17
[DEBUG]   (f) kotlinDaemonJvmArgs = []
[DEBUG]   (f) moduleName = ShubhVivah
[DEBUG]   (f) myIncremental = false
[DEBUG]   (f) nowarn = false
[DEBUG]   (f) output = C:\Users\rishi\OneDrive\Desktop\demo-App\Shubh-vivah-app\backend\OneDrive\Desktop\ShubhVivah-User-Application\target\classes
[DEBUG]   (f) project = MavenProject: com.example:ShubhVivah:0.0.1-SNAPSHOT @ C:\Users\rishi\OneDrive\Desktop\demo-App\Shubh-vivah-app\backend\OneDrive\Desktop\ShubhVivah-User-Application\pom.xml
[DEBUG]   (f) scriptTemplates = []
[DEBUG]   (f) session = org.apache.maven.execution.MavenSession@3c78e551
[DEBUG]   (f) skip = false
[DEBUG]   (f) sourceDirs = [src/test/java, target/generated-test-sources/test-annotations]
[DEBUG]   (f) testClasspath = [C:\Users\rishi\OneDrive\Desktop\demo-App\Shubh-vivah-app\backend\OneDrive\Desktop\ShubhVivah-User-Application\target\test-classes, C:\Users\rishi\OneDrive\Desktop\demo-App\Shubh-vivah-app\backend\OneDrive\Desktop\ShubhVivah-User-Application\target\classes, C:\Users\rishi\.m2\repository\org\springframework\boot\spring-boot-starter-data-jpa\3.4.2\spring-boot-starter-data-jpa-3.4.2.jar, C:\Users\rishi\.m2\repository\org\springframework\boot\spring-boot-starter\3.4.2\spring-boot-starter-3.4.2.jar, C:\Users\rishi\.m2\repository\org\springframework\boot\spring-boot-starter-logging\3.4.2\spring-boot-starter-logging-3.4.2.jar, C:\Users\rishi\.m2\repository\ch\qos\logback\logback-classic\1.5.16\logback-classic-1.5.16.jar, C:\Users\rishi\.m2\repository\ch\qos\logback\logback-core\1.5.16\logback-core-1.5.16.jar, C:\Users\rishi\.m2\repository\org\apache\logging\log4j\log4j-to-slf4j\2.24.3\log4j-to-slf4j-2.24.3.jar, C:\Users\rishi\.m2\repository\org\apache\logging\log4j\log4j-api\2.24.3\log4j-api-2.24.3.jar, C:\Users\rishi\.m2\repository\org\slf4j\jul-to-slf4j\2.0.16\jul-to-slf4j-2.0.16.jar, C:\Users\rishi\.m2\repository\jakarta\annotation\jakarta.annotation-api\2.1.1\jakarta.annotation-api-2.1.1.jar, C:\Users\rishi\.m2\repository\org\yaml\snakeyaml\2.3\snakeyaml-2.3.jar, C:\Users\rishi\.m2\repository\org\springframework\boot\spring-boot-starter-jdbc\3.4.2\spring-boot-starter-jdbc-3.4.2.jar, C:\Users\rishi\.m2\repository\com\zaxxer\HikariCP\5.1.0\HikariCP-5.1.0.jar, C:\Users\rishi\.m2\repository\org\springframework\spring-jdbc\6.2.2\spring-jdbc-6.2.2.jar, C:\Users\rishi\.m2\repository\org\hibernate\orm\hibernate-core\6.6.5.Final\hibernate-core-6.6.5.Final.jar, C:\Users\rishi\.m2\repository\jakarta\persistence\jakarta.persistence-api\3.1.0\jakarta.persistence-api-3.1.0.jar, C:\Users\rishi\.m2\repository\jakarta\transaction\jakarta.transaction-api\2.0.1\jakarta.transaction-api-2.0.1.jar, C:\Users\rishi\.m2\repository\org\jboss\logging\jboss-logging\3.6.1.Final\jboss-logging-3.6.1.Final.jar, C:\Users\rishi\.m2\repository\org\hibernate\common\hibernate-commons-annotations\7.0.3.Final\hibernate-commons-annotations-7.0.3.Final.jar, C:\Users\rishi\.m2\repository\io\smallrye\jandex\3.2.0\jandex-3.2.0.jar, C:\Users\rishi\.m2\repository\com\fasterxml\classmate\1.7.0\classmate-1.7.0.jar, C:\Users\rishi\.m2\repository\net\bytebuddy\byte-buddy\1.15.11\byte-buddy-1.15.11.jar, C:\Users\rishi\.m2\repository\org\glassfish\jaxb\jaxb-runtime\4.0.5\jaxb-runtime-4.0.5.jar, C:\Users\rishi\.m2\repository\org\glassfish\jaxb\jaxb-core\4.0.5\jaxb-core-4.0.5.jar, C:\Users\rishi\.m2\repository\org\glassfish\jaxb\txw2\4.0.5\txw2-4.0.5.jar, C:\Users\rishi\.m2\repository\com\sun\istack\istack-commons-runtime\4.1.2\istack-commons-runtime-4.1.2.jar, C:\Users\rishi\.m2\repository\jakarta\inject\jakarta.inject-api\2.0.1\jakarta.inject-api-2.0.1.jar, C:\Users\rishi\.m2\repository\org\antlr\antlr4-runtime\4.13.0\antlr4-runtime-4.13.0.jar, C:\Users\rishi\.m2\repository\org\springframework\data\spring-data-jpa\3.4.2\spring-data-jpa-3.4.2.jar, C:\Users\rishi\.m2\repository\org\springframework\data\spring-data-commons\3.4.2\spring-data-commons-3.4.2.jar, C:\Users\rishi\.m2\repository\org\springframework\spring-orm\6.2.2\spring-orm-6.2.2.jar, C:\Users\rishi\.m2\repository\org\springframework\spring-context\6.2.2\spring-context-6.2.2.jar, C:\Users\rishi\.m2\repository\org\springframework\spring-tx\6.2.2\spring-tx-6.2.2.jar, C:\Users\rishi\.m2\repository\org\springframework\spring-beans\6.2.2\spring-beans-6.2.2.jar, C:\Users\rishi\.m2\repository\org\slf4j\slf4j-api\2.0.16\slf4j-api-2.0.16.jar, C:\Users\rishi\.m2\repository\org\springframework\spring-aspects\6.2.2\spring-aspects-6.2.2.jar, C:\Users\rishi\.m2\repository\org\aspectj\aspectjweaver\1.9.22.1\aspectjweaver-1.9.22.1.jar, C:\Users\rishi\.m2\repository\org\springframework\boot\spring-boot-starter-security\3.4.2\spring-boot-starter-security-3.4.2.jar, C:\Users\rishi\.m2\repository\org\springframework\spring-aop\6.2.2\spring-aop-6.2.2.jar, C:\Users\rishi\.m2\repository\org\springframework\security\spring-security-config\6.4.2\spring-security-config-6.4.2.jar, C:\Users\rishi\.m2\repository\org\springframework\security\spring-security-web\6.4.2\spring-security-web-6.4.2.jar, C:\Users\rishi\.m2\repository\org\springframework\spring-expression\6.2.2\spring-expression-6.2.2.jar, C:\Users\rishi\.m2\repository\org\springframework\boot\spring-boot-starter-web\3.4.2\spring-boot-starter-web-3.4.2.jar, C:\Users\rishi\.m2\repository\org\springframework\boot\spring-boot-starter-json\3.4.2\spring-boot-starter-json-3.4.2.jar, C:\Users\rishi\.m2\repository\com\fasterxml\jackson\datatype\jackson-datatype-jdk8\2.18.2\jackson-datatype-jdk8-2.18.2.jar, C:\Users\rishi\.m2\repository\com\fasterxml\jackson\module\jackson-module-parameter-names\2.18.2\jackson-module-parameter-names-2.18.2.jar, C:\Users\rishi\.m2\repository\org\springframework\boot\spring-boot-starter-tomcat\3.4.2\spring-boot-starter-tomcat-3.4.2.jar, C:\Users\rishi\.m2\repository\org\apache\tomcat\embed\tomcat-embed-core\10.1.34\tomcat-embed-core-10.1.34.jar, C:\Users\rishi\.m2\repository\org\apache\tomcat\embed\tomcat-embed-websocket\10.1.34\tomcat-embed-websocket-10.1.34.jar, C:\Users\rishi\.m2\repository\org\springframework\spring-web\6.2.2\spring-web-6.2.2.jar, C:\Users\rishi\.m2\repository\io\micrometer\micrometer-observation\1.14.3\micrometer-observation-1.14.3.jar, C:\Users\rishi\.m2\repository\io\micrometer\micrometer-commons\1.14.3\micrometer-commons-1.14.3.jar, C:\Users\rishi\.m2\repository\org\springframework\spring-webmvc\6.2.2\spring-webmvc-6.2.2.jar, C:\Users\rishi\.m2\repository\org\springframework\boot\spring-boot-starter-validation\3.4.2\spring-boot-starter-validation-3.4.2.jar, C:\Users\rishi\.m2\repository\org\apache\tomcat\embed\tomcat-embed-el\10.1.34\tomcat-embed-el-10.1.34.jar, C:\Users\rishi\.m2\repository\org\hibernate\validator\hibernate-validator\8.0.2.Final\hibernate-validator-8.0.2.Final.jar, C:\Users\rishi\.m2\repository\jakarta\validation\jakarta.validation-api\3.0.2\jakarta.validation-api-3.0.2.jar, C:\Users\rishi\.m2\repository\org\springframework\boot\spring-boot-starter-mail\3.4.2\spring-boot-starter-mail-3.4.2.jar, C:\Users\rishi\.m2\repository\org\springframework\spring-context-support\6.2.2\spring-context-support-6.2.2.jar, C:\Users\rishi\.m2\repository\org\eclipse\angus\jakarta.mail\2.0.3\jakarta.mail-2.0.3.jar, C:\Users\rishi\.m2\repository\jakarta\activation\jakarta.activation-api\2.1.3\jakarta.activation-api-2.1.3.jar, C:\Users\rishi\.m2\repository\org\eclipse\angus\angus-activation\2.0.2\angus-activation-2.0.2.jar, C:\Users\rishi\.m2\repository\org\springframework\boot\spring-boot-starter-websocket\3.4.2\spring-boot-starter-websocket-3.4.2.jar, C:\Users\rishi\.m2\repository\org\springframework\spring-messaging\6.2.2\spring-messaging-6.2.2.jar, C:\Users\rishi\.m2\repository\org\springframework\spring-websocket\6.2.2\spring-websocket-6.2.2.jar, C:\Users\rishi\.m2\repository\org\springframework\boot\spring-boot-devtools\3.4.2\spring-boot-devtools-3.4.2.jar, C:\Users\rishi\.m2\repository\org\springframework\boot\spring-boot\3.4.2\spring-boot-3.4.2.jar, C:\Users\rishi\.m2\repository\org\springframework\boot\spring-boot-autoconfigure\3.4.2\spring-boot-autoconfigure-3.4.2.jar, C:\Users\rishi\.m2\repository\com\h2database\h2\2.3.232\h2-2.3.232.jar, C:\Users\rishi\.m2\repository\org\postgresql\postgresql\42.7.5\postgresql-42.7.5.jar, C:\Users\rishi\.m2\repository\org\checkerframework\checker-qual\3.48.3\checker-qual-3.48.3.jar, C:\Users\rishi\.m2\repository\org\flywaydb\flyway-core\10.20.1\flyway-core-10.20.1.jar, C:\Users\rishi\.m2\repository\com\fasterxml\jackson\dataformat\jackson-dataformat-toml\2.18.2\jackson-dataformat-toml-2.18.2.jar, C:\Users\rishi\.m2\repository\com\fasterxml\jackson\core\jackson-core\2.18.2\jackson-core-2.18.2.jar, C:\Users\rishi\.m2\repository\com\fasterxml\jackson\datatype\jackson-datatype-jsr310\2.18.2\jackson-datatype-jsr310-2.18.2.jar, C:\Users\rishi\.m2\repository\com\fasterxml\jackson\core\jackson-annotations\2.18.2\jackson-annotations-2.18.2.jar, C:\Users\rishi\.m2\repository\org\flywaydb\flyway-database-postgresql\10.20.1\flyway-database-postgresql-10.20.1.jar, C:\Users\rishi\.m2\repository\io\jsonwebtoken\jjwt-api\0.11.5\jjwt-api-0.11.5.jar, C:\Users\rishi\.m2\repository\io\jsonwebtoken\jjwt-impl\0.11.5\jjwt-impl-0.11.5.jar, C:\Users\rishi\.m2\repository\io\jsonwebtoken\jjwt-jackson\0.11.5\jjwt-jackson-0.11.5.jar, C:\Users\rishi\.m2\repository\com\fasterxml\jackson\core\jackson-databind\2.18.2\jackson-databind-2.18.2.jar, C:\Users\rishi\.m2\repository\com\cloudinary\cloudinary-http44\1.39.0\cloudinary-http44-1.39.0.jar, C:\Users\rishi\.m2\repository\com\cloudinary\cloudinary-core\1.39.0\cloudinary-core-1.39.0.jar, C:\Users\rishi\.m2\repository\org\apache\commons\commons-lang3\3.17.0\commons-lang3-3.17.0.jar, C:\Users\rishi\.m2\repository\org\apache\httpcomponents\httpclient\4.4\httpclient-4.4.jar, C:\Users\rishi\.m2\repository\org\apache\httpcomponents\httpcore\4.4.16\httpcore-4.4.16.jar, C:\Users\rishi\.m2\repository\commons-logging\commons-logging\1.2\commons-logging-1.2.jar, C:\Users\rishi\.m2\repository\commons-codec\commons-codec\1.17.2\commons-codec-1.17.2.jar, C:\Users\rishi\.m2\repository\org\apache\httpcomponents\httpmime\4.4\httpmime-4.4.jar, C:\Users\rishi\.m2\repository\io\github\cdimascio\dotenv-java\3.0.0\dotenv-java-3.0.0.jar, C:\Users\rishi\.m2\repository\org\projectlombok\lombok\1.18.36\lombok-1.18.36.jar, C:\Users\rishi\.m2\repository\org\jetbrains\kotlin\kotlin-stdlib-jdk8\2.2.20\kotlin-stdlib-jdk8-2.2.20.jar, C:\Users\rishi\.m2\repository\org\jetbrains\kotlin\kotlin-stdlib\2.2.20\kotlin-stdlib-2.2.20.jar, C:\Users\rishi\.m2\repository\org\jetbrains\annotations\13.0\annotations-13.0.jar, C:\Users\rishi\.m2\repository\org\jetbrains\kotlin\kotlin-stdlib-jdk7\2.2.20\kotlin-stdlib-jdk7-2.2.20.jar, C:\Users\rishi\.m2\repository\org\springframework\boot\spring-boot-starter-test\3.4.2\spring-boot-starter-test-3.4.2.jar, C:\Users\rishi\.m2\repository\org\springframework\boot\spring-boot-test\3.4.2\spring-boot-test-3.4.2.jar, C:\Users\rishi\.m2\repository\org\springframework\boot\spring-boot-test-autoconfigure\3.4.2\spring-boot-test-autoconfigure-3.4.2.jar, C:\Users\rishi\.m2\repository\com\jayway\jsonpath\json-path\2.9.0\json-path-2.9.0.jar, C:\Users\rishi\.m2\repository\jakarta\xml\bind\jakarta.xml.bind-api\4.0.2\jakarta.xml.bind-api-4.0.2.jar, C:\Users\rishi\.m2\repository\net\minidev\json-smart\2.5.1\json-smart-2.5.1.jar, C:\Users\rishi\.m2\repository\net\minidev\accessors-smart\2.5.1\accessors-smart-2.5.1.jar, C:\Users\rishi\.m2\repository\org\ow2\asm\asm\9.6\asm-9.6.jar, C:\Users\rishi\.m2\repository\org\assertj\assertj-core\3.26.3\assertj-core-3.26.3.jar, C:\Users\rishi\.m2\repository\org\awaitility\awaitility\4.2.2\awaitility-4.2.2.jar, C:\Users\rishi\.m2\repository\org\hamcrest\hamcrest\2.2\hamcrest-2.2.jar, C:\Users\rishi\.m2\repository\org\junit\jupiter\junit-jupiter\5.11.4\junit-jupiter-5.11.4.jar, C:\Users\rishi\.m2\repository\org\junit\jupiter\junit-jupiter-api\5.11.4\junit-jupiter-api-5.11.4.jar, C:\Users\rishi\.m2\repository\org\opentest4j\opentest4j\1.3.0\opentest4j-1.3.0.jar, C:\Users\rishi\.m2\repository\org\junit\platform\junit-platform-commons\1.11.4\junit-platform-commons-1.11.4.jar, C:\Users\rishi\.m2\repository\org\apiguardian\apiguardian-api\1.1.2\apiguardian-api-1.1.2.jar, C:\Users\rishi\.m2\repository\org\junit\jupiter\junit-jupiter-params\5.11.4\junit-jupiter-params-5.11.4.jar, C:\Users\rishi\.m2\repository\org\junit\jupiter\junit-jupiter-engine\5.11.4\junit-jupiter-engine-5.11.4.jar, C:\Users\rishi\.m2\repository\org\junit\platform\junit-platform-engine\1.11.4\junit-platform-engine-1.11.4.jar, C:\Users\rishi\.m2\repository\org\mockito\mockito-core\5.14.2\mockito-core-5.14.2.jar, C:\Users\rishi\.m2\repository\net\bytebuddy\byte-buddy-agent\1.15.11\byte-buddy-agent-1.15.11.jar, C:\Users\rishi\.m2\repository\org\objenesis\objenesis\3.3\objenesis-3.3.jar, C:\Users\rishi\.m2\repository\org\mockito\mockito-junit-jupiter\5.14.2\mockito-junit-jupiter-5.14.2.jar, C:\Users\rishi\.m2\repository\org\skyscreamer\jsonassert\1.5.3\jsonassert-1.5.3.jar, C:\Users\rishi\.m2\repository\com\vaadin\external\google\android-json\0.0.20131108.vaadin1\android-json-0.0.20131108.vaadin1.jar, C:\Users\rishi\.m2\repository\org\springframework\spring-core\6.2.2\spring-core-6.2.2.jar, C:\Users\rishi\.m2\repository\org\springframework\spring-jcl\6.2.2\spring-jcl-6.2.2.jar, C:\Users\rishi\.m2\repository\org\springframework\spring-test\6.2.2\spring-test-6.2.2.jar, C:\Users\rishi\.m2\repository\org\xmlunit\xmlunit-core\2.10.0\xmlunit-core-2.10.0.jar, C:\Users\rishi\.m2\repository\org\springframework\security\spring-security-test\6.4.2\spring-security-test-6.4.2.jar, C:\Users\rishi\.m2\repository\org\springframework\security\spring-security-core\6.4.2\spring-security-core-6.4.2.jar, C:\Users\rishi\.m2\repository\org\springframework\security\spring-security-crypto\6.4.2\spring-security-crypto-6.4.2.jar, C:\Users\rishi\.m2\repository\org\jetbrains\kotlin\kotlin-test\2.2.20\kotlin-test-2.2.20.jar]
[DEBUG]   (f) testModuleName = ShubhVivah-test
[DEBUG]   (f) testOutput = C:\Users\rishi\OneDrive\Desktop\demo-App\Shubh-vivah-app\backend\OneDrive\Desktop\ShubhVivah-User-Application\target\test-classes
[DEBUG]   (f) useDaemon = true
[DEBUG]   (f) mojoExecution = org.jetbrains.kotlin:kotlin-maven-plugin:2.2.20:test-compile {execution: test-compile}
[DEBUG] -- end configuration --
[DEBUG] Kotlin version 2.2.20 (JRE 17.0.17+10-LTS)
[INFO] No sources to compile
[INFO] 
[INFO] --- compiler:3.13.0:testCompile (testCompile) @ ShubhVivah ---
[DEBUG] Loading mojo org.apache.maven.plugins:maven-compiler-plugin:3.13.0:testCompile from plugin realm ClassRealm[plugin>org.apache.maven.plugins:maven-compiler-plugin:3.13.0, parent: jdk.internal.loader.ClassLoaders$AppClassLoader@73d16e93]
[DEBUG] Configuring mojo execution 'org.apache.maven.plugins:maven-compiler-plugin:3.13.0:testCompile:testCompile' with basic configurator -->
[DEBUG]   (s) groupId = org.projectlombok
[DEBUG]   (s) artifactId = lombok
[DEBUG]   (f) annotationProcessorPaths = [org.projectlombok:lombok.jar]
[DEBUG]   (f) annotationProcessorPathsUseDepMgmt = false
[DEBUG]   (f) basedir = C:\Users\rishi\OneDrive\Desktop\demo-App\Shubh-vivah-app\backend\OneDrive\Desktop\ShubhVivah-User-Application
[DEBUG]   (f) buildDirectory = C:\Users\rishi\OneDrive\Desktop\demo-App\Shubh-vivah-app\backend\OneDrive\Desktop\ShubhVivah-User-Application\target
[DEBUG]   (f) compileSourceRoots = [C:\Users\rishi\OneDrive\Desktop\demo-App\Shubh-vivah-app\backend\OneDrive\Desktop\ShubhVivah-User-Application\src\test\java]
[DEBUG]   (f) compilerArgs = [-parameters]
[DEBUG]   (f) compilerId = javac
[DEBUG]   (f) createMissingPackageInfoClass = true
[DEBUG]   (f) debug = true
[DEBUG]   (f) debugFileName = javac-test
[DEBUG]   (f) enablePreview = false
[DEBUG]   (f) encoding = UTF-8
[DEBUG]   (f) failOnError = true
[DEBUG]   (f) failOnWarning = false
[DEBUG]   (f) fileExtensions = [jar, class]
[DEBUG]   (f) forceJavacCompilerUse = false
[DEBUG]   (f) forceLegacyJavacApi = false
[DEBUG]   (f) fork = false
[DEBUG]   (f) generatedTestSourcesDirectory = C:\Users\rishi\OneDrive\Desktop\demo-App\Shubh-vivah-app\backend\OneDrive\Desktop\ShubhVivah-User-Application\target\generated-test-sources\test-annotations
[DEBUG]   (f) mojoExecution = org.apache.maven.plugins:maven-compiler-plugin:3.13.0:testCompile {execution: testCompile}
[DEBUG]   (f) optimize = false
[DEBUG]   (f) outputDirectory = C:\Users\rishi\OneDrive\Desktop\demo-App\Shubh-vivah-app\backend\OneDrive\Desktop\ShubhVivah-User-Application\target\test-classes
[DEBUG]   (f) parameters = true
[DEBUG]   (f) project = MavenProject: com.example:ShubhVivah:0.0.1-SNAPSHOT @ C:\Users\rishi\OneDrive\Desktop\demo-App\Shubh-vivah-app\backend\OneDrive\Desktop\ShubhVivah-User-Application\pom.xml
[DEBUG]   (s) release = 17
[DEBUG]   (f) session = org.apache.maven.execution.MavenSession@3c78e551
[DEBUG]   (f) showCompilationChanges = false
[DEBUG]   (f) showDeprecation = false
[DEBUG]   (f) showWarnings = true
[DEBUG]   (f) skipMultiThreadWarning = false
[DEBUG]   (f) source = 17
[DEBUG]   (f) staleMillis = 0
[DEBUG]   (s) target = 17
[DEBUG]   (f) testPath = [C:\Users\rishi\OneDrive\Desktop\demo-App\Shubh-vivah-app\backend\OneDrive\Desktop\ShubhVivah-User-Application\target\test-classes, C:\Users\rishi\OneDrive\Desktop\demo-App\Shubh-vivah-app\backend\OneDrive\Desktop\ShubhVivah-User-Application\target\classes, C:\Users\rishi\.m2\repository\org\springframework\boot\spring-boot-starter-data-jpa\3.4.2\spring-boot-starter-data-jpa-3.4.2.jar, C:\Users\rishi\.m2\repository\org\springframework\boot\spring-boot-starter\3.4.2\spring-boot-starter-3.4.2.jar, C:\Users\rishi\.m2\repository\org\springframework\boot\spring-boot-starter-logging\3.4.2\spring-boot-starter-logging-3.4.2.jar, C:\Users\rishi\.m2\repository\ch\qos\logback\logback-classic\1.5.16\logback-classic-1.5.16.jar, C:\Users\rishi\.m2\repository\ch\qos\logback\logback-core\1.5.16\logback-core-1.5.16.jar, C:\Users\rishi\.m2\repository\org\apache\logging\log4j\log4j-to-slf4j\2.24.3\log4j-to-slf4j-2.24.3.jar, C:\Users\rishi\.m2\repository\org\apache\logging\log4j\log4j-api\2.24.3\log4j-api-2.24.3.jar, C:\Users\rishi\.m2\repository\org\slf4j\jul-to-slf4j\2.0.16\jul-to-slf4j-2.0.16.jar, C:\Users\rishi\.m2\repository\jakarta\annotation\jakarta.annotation-api\2.1.1\jakarta.annotation-api-2.1.1.jar, C:\Users\rishi\.m2\repository\org\yaml\snakeyaml\2.3\snakeyaml-2.3.jar, C:\Users\rishi\.m2\repository\org\springframework\boot\spring-boot-starter-jdbc\3.4.2\spring-boot-starter-jdbc-3.4.2.jar, C:\Users\rishi\.m2\repository\com\zaxxer\HikariCP\5.1.0\HikariCP-5.1.0.jar, C:\Users\rishi\.m2\repository\org\springframework\spring-jdbc\6.2.2\spring-jdbc-6.2.2.jar, C:\Users\rishi\.m2\repository\org\hibernate\orm\hibernate-core\6.6.5.Final\hibernate-core-6.6.5.Final.jar, C:\Users\rishi\.m2\repository\jakarta\persistence\jakarta.persistence-api\3.1.0\jakarta.persistence-api-3.1.0.jar, C:\Users\rishi\.m2\repository\jakarta\transaction\jakarta.transaction-api\2.0.1\jakarta.transaction-api-2.0.1.jar, C:\Users\rishi\.m2\repository\org\jboss\logging\jboss-logging\3.6.1.Final\jboss-logging-3.6.1.Final.jar, C:\Users\rishi\.m2\repository\org\hibernate\common\hibernate-commons-annotations\7.0.3.Final\hibernate-commons-annotations-7.0.3.Final.jar, C:\Users\rishi\.m2\repository\io\smallrye\jandex\3.2.0\jandex-3.2.0.jar, C:\Users\rishi\.m2\repository\com\fasterxml\classmate\1.7.0\classmate-1.7.0.jar, C:\Users\rishi\.m2\repository\net\bytebuddy\byte-buddy\1.15.11\byte-buddy-1.15.11.jar, C:\Users\rishi\.m2\repository\org\glassfish\jaxb\jaxb-runtime\4.0.5\jaxb-runtime-4.0.5.jar, C:\Users\rishi\.m2\repository\org\glassfish\jaxb\jaxb-core\4.0.5\jaxb-core-4.0.5.jar, C:\Users\rishi\.m2\repository\org\glassfish\jaxb\txw2\4.0.5\txw2-4.0.5.jar, C:\Users\rishi\.m2\repository\com\sun\istack\istack-commons-runtime\4.1.2\istack-commons-runtime-4.1.2.jar, C:\Users\rishi\.m2\repository\jakarta\inject\jakarta.inject-api\2.0.1\jakarta.inject-api-2.0.1.jar, C:\Users\rishi\.m2\repository\org\antlr\antlr4-runtime\4.13.0\antlr4-runtime-4.13.0.jar, C:\Users\rishi\.m2\repository\org\springframework\data\spring-data-jpa\3.4.2\spring-data-jpa-3.4.2.jar, C:\Users\rishi\.m2\repository\org\springframework\data\spring-data-commons\3.4.2\spring-data-commons-3.4.2.jar, C:\Users\rishi\.m2\repository\org\springframework\spring-orm\6.2.2\spring-orm-6.2.2.jar, C:\Users\rishi\.m2\repository\org\springframework\spring-context\6.2.2\spring-context-6.2.2.jar, C:\Users\rishi\.m2\repository\org\springframework\spring-tx\6.2.2\spring-tx-6.2.2.jar, C:\Users\rishi\.m2\repository\org\springframework\spring-beans\6.2.2\spring-beans-6.2.2.jar, C:\Users\rishi\.m2\repository\org\slf4j\slf4j-api\2.0.16\slf4j-api-2.0.16.jar, C:\Users\rishi\.m2\repository\org\springframework\spring-aspects\6.2.2\spring-aspects-6.2.2.jar, C:\Users\rishi\.m2\repository\org\aspectj\aspectjweaver\1.9.22.1\aspectjweaver-1.9.22.1.jar, C:\Users\rishi\.m2\repository\org\springframework\boot\spring-boot-starter-security\3.4.2\spring-boot-starter-security-3.4.2.jar, C:\Users\rishi\.m2\repository\org\springframework\spring-aop\6.2.2\spring-aop-6.2.2.jar, C:\Users\rishi\.m2\repository\org\springframework\security\spring-security-config\6.4.2\spring-security-config-6.4.2.jar, C:\Users\rishi\.m2\repository\org\springframework\security\spring-security-web\6.4.2\spring-security-web-6.4.2.jar, C:\Users\rishi\.m2\repository\org\springframework\spring-expression\6.2.2\spring-expression-6.2.2.jar, C:\Users\rishi\.m2\repository\org\springframework\boot\spring-boot-starter-web\3.4.2\spring-boot-starter-web-3.4.2.jar, C:\Users\rishi\.m2\repository\org\springframework\boot\spring-boot-starter-json\3.4.2\spring-boot-starter-json-3.4.2.jar, C:\Users\rishi\.m2\repository\com\fasterxml\jackson\datatype\jackson-datatype-jdk8\2.18.2\jackson-datatype-jdk8-2.18.2.jar, C:\Users\rishi\.m2\repository\com\fasterxml\jackson\module\jackson-module-parameter-names\2.18.2\jackson-module-parameter-names-2.18.2.jar, C:\Users\rishi\.m2\repository\org\springframework\boot\spring-boot-starter-tomcat\3.4.2\spring-boot-starter-tomcat-3.4.2.jar, C:\Users\rishi\.m2\repository\org\apache\tomcat\embed\tomcat-embed-core\10.1.34\tomcat-embed-core-10.1.34.jar, C:\Users\rishi\.m2\repository\org\apache\tomcat\embed\tomcat-embed-websocket\10.1.34\tomcat-embed-websocket-10.1.34.jar, C:\Users\rishi\.m2\repository\org\springframework\spring-web\6.2.2\spring-web-6.2.2.jar, C:\Users\rishi\.m2\repository\io\micrometer\micrometer-observation\1.14.3\micrometer-observation-1.14.3.jar, C:\Users\rishi\.m2\repository\io\micrometer\micrometer-commons\1.14.3\micrometer-commons-1.14.3.jar, C:\Users\rishi\.m2\repository\org\springframework\spring-webmvc\6.2.2\spring-webmvc-6.2.2.jar, C:\Users\rishi\.m2\repository\org\springframework\boot\spring-boot-starter-validation\3.4.2\spring-boot-starter-validation-3.4.2.jar, C:\Users\rishi\.m2\repository\org\apache\tomcat\embed\tomcat-embed-el\10.1.34\tomcat-embed-el-10.1.34.jar, C:\Users\rishi\.m2\repository\org\hibernate\validator\hibernate-validator\8.0.2.Final\hibernate-validator-8.0.2.Final.jar, C:\Users\rishi\.m2\repository\jakarta\validation\jakarta.validation-api\3.0.2\jakarta.validation-api-3.0.2.jar, C:\Users\rishi\.m2\repository\org\springframework\boot\spring-boot-starter-mail\3.4.2\spring-boot-starter-mail-3.4.2.jar, C:\Users\rishi\.m2\repository\org\springframework\spring-context-support\6.2.2\spring-context-support-6.2.2.jar, C:\Users\rishi\.m2\repository\org\eclipse\angus\jakarta.mail\2.0.3\jakarta.mail-2.0.3.jar, C:\Users\rishi\.m2\repository\jakarta\activation\jakarta.activation-api\2.1.3\jakarta.activation-api-2.1.3.jar, C:\Users\rishi\.m2\repository\org\eclipse\angus\angus-activation\2.0.2\angus-activation-2.0.2.jar, C:\Users\rishi\.m2\repository\org\springframework\boot\spring-boot-starter-websocket\3.4.2\spring-boot-starter-websocket-3.4.2.jar, C:\Users\rishi\.m2\repository\org\springframework\spring-messaging\6.2.2\spring-messaging-6.2.2.jar, C:\Users\rishi\.m2\repository\org\springframework\spring-websocket\6.2.2\spring-websocket-6.2.2.jar, C:\Users\rishi\.m2\repository\org\springframework\boot\spring-boot-devtools\3.4.2\spring-boot-devtools-3.4.2.jar, C:\Users\rishi\.m2\repository\org\springframework\boot\spring-boot\3.4.2\spring-boot-3.4.2.jar, C:\Users\rishi\.m2\repository\org\springframework\boot\spring-boot-autoconfigure\3.4.2\spring-boot-autoconfigure-3.4.2.jar, C:\Users\rishi\.m2\repository\com\h2database\h2\2.3.232\h2-2.3.232.jar, C:\Users\rishi\.m2\repository\org\postgresql\postgresql\42.7.5\postgresql-42.7.5.jar, C:\Users\rishi\.m2\repository\org\checkerframework\checker-qual\3.48.3\checker-qual-3.48.3.jar, C:\Users\rishi\.m2\repository\org\flywaydb\flyway-core\10.20.1\flyway-core-10.20.1.jar, C:\Users\rishi\.m2\repository\com\fasterxml\jackson\dataformat\jackson-dataformat-toml\2.18.2\jackson-dataformat-toml-2.18.2.jar, C:\Users\rishi\.m2\repository\com\fasterxml\jackson\core\jackson-core\2.18.2\jackson-core-2.18.2.jar, C:\Users\rishi\.m2\repository\com\fasterxml\jackson\datatype\jackson-datatype-jsr310\2.18.2\jackson-datatype-jsr310-2.18.2.jar, C:\Users\rishi\.m2\repository\com\fasterxml\jackson\core\jackson-annotations\2.18.2\jackson-annotations-2.18.2.jar, C:\Users\rishi\.m2\repository\org\flywaydb\flyway-database-postgresql\10.20.1\flyway-database-postgresql-10.20.1.jar, C:\Users\rishi\.m2\repository\io\jsonwebtoken\jjwt-api\0.11.5\jjwt-api-0.11.5.jar, C:\Users\rishi\.m2\repository\io\jsonwebtoken\jjwt-impl\0.11.5\jjwt-impl-0.11.5.jar, C:\Users\rishi\.m2\repository\io\jsonwebtoken\jjwt-jackson\0.11.5\jjwt-jackson-0.11.5.jar, C:\Users\rishi\.m2\repository\com\fasterxml\jackson\core\jackson-databind\2.18.2\jackson-databind-2.18.2.jar, C:\Users\rishi\.m2\repository\com\cloudinary\cloudinary-http44\1.39.0\cloudinary-http44-1.39.0.jar, C:\Users\rishi\.m2\repository\com\cloudinary\cloudinary-core\1.39.0\cloudinary-core-1.39.0.jar, C:\Users\rishi\.m2\repository\org\apache\commons\commons-lang3\3.17.0\commons-lang3-3.17.0.jar, C:\Users\rishi\.m2\repository\org\apache\httpcomponents\httpclient\4.4\httpclient-4.4.jar, C:\Users\rishi\.m2\repository\org\apache\httpcomponents\httpcore\4.4.16\httpcore-4.4.16.jar, C:\Users\rishi\.m2\repository\commons-logging\commons-logging\1.2\commons-logging-1.2.jar, C:\Users\rishi\.m2\repository\commons-codec\commons-codec\1.17.2\commons-codec-1.17.2.jar, C:\Users\rishi\.m2\repository\org\apache\httpcomponents\httpmime\4.4\httpmime-4.4.jar, C:\Users\rishi\.m2\repository\io\github\cdimascio\dotenv-java\3.0.0\dotenv-java-3.0.0.jar, C:\Users\rishi\.m2\repository\org\projectlombok\lombok\1.18.36\lombok-1.18.36.jar, C:\Users\rishi\.m2\repository\org\jetbrains\kotlin\kotlin-stdlib-jdk8\2.2.20\kotlin-stdlib-jdk8-2.2.20.jar, C:\Users\rishi\.m2\repository\org\jetbrains\kotlin\kotlin-stdlib\2.2.20\kotlin-stdlib-2.2.20.jar, C:\Users\rishi\.m2\repository\org\jetbrains\annotations\13.0\annotations-13.0.jar, C:\Users\rishi\.m2\repository\org\jetbrains\kotlin\kotlin-stdlib-jdk7\2.2.20\kotlin-stdlib-jdk7-2.2.20.jar, C:\Users\rishi\.m2\repository\org\springframework\boot\spring-boot-starter-test\3.4.2\spring-boot-starter-test-3.4.2.jar, C:\Users\rishi\.m2\repository\org\springframework\boot\spring-boot-test\3.4.2\spring-boot-test-3.4.2.jar, C:\Users\rishi\.m2\repository\org\springframework\boot\spring-boot-test-autoconfigure\3.4.2\spring-boot-test-autoconfigure-3.4.2.jar, C:\Users\rishi\.m2\repository\com\jayway\jsonpath\json-path\2.9.0\json-path-2.9.0.jar, C:\Users\rishi\.m2\repository\jakarta\xml\bind\jakarta.xml.bind-api\4.0.2\jakarta.xml.bind-api-4.0.2.jar, C:\Users\rishi\.m2\repository\net\minidev\json-smart\2.5.1\json-smart-2.5.1.jar, C:\Users\rishi\.m2\repository\net\minidev\accessors-smart\2.5.1\accessors-smart-2.5.1.jar, C:\Users\rishi\.m2\repository\org\ow2\asm\asm\9.6\asm-9.6.jar, C:\Users\rishi\.m2\repository\org\assertj\assertj-core\3.26.3\assertj-core-3.26.3.jar, C:\Users\rishi\.m2\repository\org\awaitility\awaitility\4.2.2\awaitility-4.2.2.jar, C:\Users\rishi\.m2\repository\org\hamcrest\hamcrest\2.2\hamcrest-2.2.jar, C:\Users\rishi\.m2\repository\org\junit\jupiter\junit-jupiter\5.11.4\junit-jupiter-5.11.4.jar, C:\Users\rishi\.m2\repository\org\junit\jupiter\junit-jupiter-api\5.11.4\junit-jupiter-api-5.11.4.jar, C:\Users\rishi\.m2\repository\org\opentest4j\opentest4j\1.3.0\opentest4j-1.3.0.jar, C:\Users\rishi\.m2\repository\org\junit\platform\junit-platform-commons\1.11.4\junit-platform-commons-1.11.4.jar, C:\Users\rishi\.m2\repository\org\apiguardian\apiguardian-api\1.1.2\apiguardian-api-1.1.2.jar, C:\Users\rishi\.m2\repository\org\junit\jupiter\junit-jupiter-params\5.11.4\junit-jupiter-params-5.11.4.jar, C:\Users\rishi\.m2\repository\org\junit\jupiter\junit-jupiter-engine\5.11.4\junit-jupiter-engine-5.11.4.jar, C:\Users\rishi\.m2\repository\org\junit\platform\junit-platform-engine\1.11.4\junit-platform-engine-1.11.4.jar, C:\Users\rishi\.m2\repository\org\mockito\mockito-core\5.14.2\mockito-core-5.14.2.jar, C:\Users\rishi\.m2\repository\net\bytebuddy\byte-buddy-agent\1.15.11\byte-buddy-agent-1.15.11.jar, C:\Users\rishi\.m2\repository\org\objenesis\objenesis\3.3\objenesis-3.3.jar, C:\Users\rishi\.m2\repository\org\mockito\mockito-junit-jupiter\5.14.2\mockito-junit-jupiter-5.14.2.jar, C:\Users\rishi\.m2\repository\org\skyscreamer\jsonassert\1.5.3\jsonassert-1.5.3.jar, C:\Users\rishi\.m2\repository\com\vaadin\external\google\android-json\0.0.20131108.vaadin1\android-json-0.0.20131108.vaadin1.jar, C:\Users\rishi\.m2\repository\org\springframework\spring-core\6.2.2\spring-core-6.2.2.jar, C:\Users\rishi\.m2\repository\org\springframework\spring-jcl\6.2.2\spring-jcl-6.2.2.jar, C:\Users\rishi\.m2\repository\org\springframework\spring-test\6.2.2\spring-test-6.2.2.jar, C:\Users\rishi\.m2\repository\org\xmlunit\xmlunit-core\2.10.0\xmlunit-core-2.10.0.jar, C:\Users\rishi\.m2\repository\org\springframework\security\spring-security-test\6.4.2\spring-security-test-6.4.2.jar, C:\Users\rishi\.m2\repository\org\springframework\security\spring-security-core\6.4.2\spring-security-core-6.4.2.jar, C:\Users\rishi\.m2\repository\org\springframework\security\spring-security-crypto\6.4.2\spring-security-crypto-6.4.2.jar, C:\Users\rishi\.m2\repository\org\jetbrains\kotlin\kotlin-test\2.2.20\kotlin-test-2.2.20.jar]
[DEBUG]   (f) useIncrementalCompilation = true
[DEBUG]   (f) useModulePath = true
[DEBUG]   (f) verbose = false
[DEBUG] -- end configuration --
[DEBUG] Using compiler 'javac'.
[DEBUG] Adding C:\Users\rishi\OneDrive\Desktop\demo-App\Shubh-vivah-app\backend\OneDrive\Desktop\ShubhVivah-User-Application\target\generated-test-sources\test-annotations to test-compile source roots:
  C:\Users\rishi\OneDrive\Desktop\demo-App\Shubh-vivah-app\backend\OneDrive\Desktop\ShubhVivah-User-Application\src\test\java
[DEBUG] New test-compile source roots:
  C:\Users\rishi\OneDrive\Desktop\demo-App\Shubh-vivah-app\backend\OneDrive\Desktop\ShubhVivah-User-Application\src\test\java
  C:\Users\rishi\OneDrive\Desktop\demo-App\Shubh-vivah-app\backend\OneDrive\Desktop\ShubhVivah-User-Application\target\generated-test-sources\test-annotations
[DEBUG] Dependency collection stats {ConflictMarker.analyzeTime=12900, ConflictMarker.markTime=19099, ConflictMarker.nodeCount=2, ConflictIdSorter.graphTime=3000, ConflictIdSorter.topsortTime=8700, ConflictIdSorter.conflictIdCount=1, ConflictIdSorter.conflictIdCycleCount=0, ConflictResolver.totalTime=63601, ConflictResolver.conflictItemCount=1, DfDependencyCollector.collectTime=337900, DfDependencyCollector.transformTime=125100}
[DEBUG] CompilerReuseStrategy: reuseCreated
[DEBUG] useIncrementalCompilation enabled
[INFO] Nothing to compile - all classes are up to date.
[INFO] 
[INFO] <<< spring-boot:3.4.2:run (default-cli) < test-compile @ ShubhVivah <<<
[INFO] 
[INFO] 
[INFO] --- spring-boot:3.4.2:run (default-cli) @ ShubhVivah ---
[DEBUG] Dependency collection stats {ConflictMarker.analyzeTime=67800, ConflictMarker.markTime=30300, ConflictMarker.nodeCount=55, ConflictIdSorter.graphTime=20601, ConflictIdSorter.topsortTime=27100, ConflictIdSorter.conflictIdCount=39, ConflictIdSorter.conflictIdCycleCount=0, ConflictResolver.totalTime=709800, ConflictResolver.conflictItemCount=55, DfDependencyCollector.collectTime=71896801, DfDependencyCollector.transformTime=886300}
[DEBUG] org.springframework.boot:spring-boot-maven-plugin:jar:3.4.2
[DEBUG]    org.springframework.boot:spring-boot-buildpack-platform:jar:3.4.2:runtime
[DEBUG]       com.fasterxml.jackson.core:jackson-databind:jar:2.18.2:runtime
[DEBUG]          com.fasterxml.jackson.core:jackson-annotations:jar:2.18.2:runtime
[DEBUG]          com.fasterxml.jackson.core:jackson-core:jar:2.18.2:runtime
[DEBUG]       com.fasterxml.jackson.module:jackson-module-parameter-names:jar:2.18.2:runtime
[DEBUG]       net.java.dev.jna:jna-platform:jar:5.13.0:runtime
[DEBUG]          net.java.dev.jna:jna:jar:5.13.0:runtime
[DEBUG]       org.apache.commons:commons-compress:jar:1.25.0:runtime
[DEBUG]       org.apache.httpcomponents.client5:httpclient5:jar:5.4.1:runtime
[DEBUG]          org.apache.httpcomponents.core5:httpcore5:jar:5.3.1:runtime
[DEBUG]          org.apache.httpcomponents.core5:httpcore5-h2:jar:5.3.1:runtime
[DEBUG]       org.tomlj:tomlj:jar:1.0.0:runtime
[DEBUG]          org.antlr:antlr4-runtime:jar:4.7.2:runtime
[DEBUG]          com.google.code.findbugs:jsr305:jar:3.0.2:runtime
[DEBUG]    org.springframework.boot:spring-boot-loader-tools:jar:3.4.2:runtime
[DEBUG]    org.apache.maven.shared:maven-common-artifact-filters:jar:3.3.2:runtime
[DEBUG]       org.slf4j:slf4j-api:jar:1.7.36:compile
[DEBUG]    org.sonatype.plexus:plexus-build-api:jar:0.0.7:runtime
[DEBUG]    org.springframework:spring-core:jar:6.2.2:runtime
[DEBUG]       org.springframework:spring-jcl:jar:6.2.2:runtime
[DEBUG]    org.springframework:spring-context:jar:6.2.2:runtime
[DEBUG]       org.springframework:spring-aop:jar:6.2.2:runtime
[DEBUG]       org.springframework:spring-beans:jar:6.2.2:runtime
[DEBUG]       org.springframework:spring-expression:jar:6.2.2:runtime
[DEBUG]       io.micrometer:micrometer-observation:jar:1.14.3:runtime
[DEBUG]          io.micrometer:micrometer-commons:jar:1.14.3:runtime
[DEBUG]    org.apache.maven.plugins:maven-shade-plugin:jar:3.5.0:compile (optional)
[DEBUG]       org.codehaus.plexus:plexus-utils:jar:3.5.1:compile (optional)
[DEBUG]       org.ow2.asm:asm:jar:9.5:compile (optional)
[DEBUG]       org.ow2.asm:asm-commons:jar:9.5:compile (optional)
[DEBUG]          org.ow2.asm:asm-tree:jar:9.5:compile (optional)
[DEBUG]       org.jdom:jdom2:jar:2.0.6.1:compile (optional)
[DEBUG]       org.apache.maven.shared:maven-dependency-tree:jar:3.2.1:compile (optional)
[DEBUG]          org.eclipse.aether:aether-util:jar:1.0.0.v20140518:compile (optional)
[DEBUG]             org.eclipse.aether:aether-api:jar:1.0.0.v20140518:compile (optional)
[DEBUG]       commons-io:commons-io:jar:2.13.0:compile (optional)
[DEBUG]       org.vafer:jdependency:jar:2.8.0:compile (optional)
[DEBUG]       org.apache.commons:commons-collections4:jar:4.4:compile (optional)
[DEBUG] Created new class realm plugin>org.springframework.boot:spring-boot-maven-plugin:3.4.2
[DEBUG] Importing foreign packages into class realm plugin>org.springframework.boot:spring-boot-maven-plugin:3.4.2
[DEBUG]   Imported:  < maven.api
[DEBUG] Populating class realm plugin>org.springframework.boot:spring-boot-maven-plugin:3.4.2
[DEBUG]   Included: org.springframework.boot:spring-boot-maven-plugin:jar:3.4.2
[DEBUG]   Included: org.springframework.boot:spring-boot-buildpack-platform:jar:3.4.2
[DEBUG]   Included: com.fasterxml.jackson.core:jackson-databind:jar:2.18.2
[DEBUG]   Included: com.fasterxml.jackson.core:jackson-annotations:jar:2.18.2
[DEBUG]   Included: com.fasterxml.jackson.core:jackson-core:jar:2.18.2
[DEBUG]   Included: com.fasterxml.jackson.module:jackson-module-parameter-names:jar:2.18.2
[DEBUG]   Included: net.java.dev.jna:jna-platform:jar:5.13.0
[DEBUG]   Included: net.java.dev.jna:jna:jar:5.13.0
[DEBUG]   Included: org.apache.commons:commons-compress:jar:1.25.0
[DEBUG]   Included: org.apache.httpcomponents.client5:httpclient5:jar:5.4.1
[DEBUG]   Included: org.apache.httpcomponents.core5:httpcore5:jar:5.3.1
[DEBUG]   Included: org.apache.httpcomponents.core5:httpcore5-h2:jar:5.3.1
[DEBUG]   Included: org.tomlj:tomlj:jar:1.0.0
[DEBUG]   Included: org.antlr:antlr4-runtime:jar:4.7.2
[DEBUG]   Included: com.google.code.findbugs:jsr305:jar:3.0.2
[DEBUG]   Included: org.springframework.boot:spring-boot-loader-tools:jar:3.4.2
[DEBUG]   Included: org.apache.maven.shared:maven-common-artifact-filters:jar:3.3.2
[DEBUG]   Included: org.sonatype.plexus:plexus-build-api:jar:0.0.7
[DEBUG]   Included: org.springframework:spring-core:jar:6.2.2
[DEBUG]   Included: org.springframework:spring-jcl:jar:6.2.2
[DEBUG]   Included: org.springframework:spring-context:jar:6.2.2
[DEBUG]   Included: org.springframework:spring-aop:jar:6.2.2
[DEBUG]   Included: org.springframework:spring-beans:jar:6.2.2
[DEBUG]   Included: org.springframework:spring-expression:jar:6.2.2
[DEBUG]   Included: io.micrometer:micrometer-observation:jar:1.14.3
[DEBUG]   Included: io.micrometer:micrometer-commons:jar:1.14.3
[DEBUG]   Included: org.apache.maven.plugins:maven-shade-plugin:jar:3.5.0
[DEBUG]   Included: org.codehaus.plexus:plexus-utils:jar:3.5.1
[DEBUG]   Included: org.ow2.asm:asm:jar:9.5
[DEBUG]   Included: org.ow2.asm:asm-commons:jar:9.5
[DEBUG]   Included: org.ow2.asm:asm-tree:jar:9.5
[DEBUG]   Included: org.jdom:jdom2:jar:2.0.6.1
[DEBUG]   Included: org.apache.maven.shared:maven-dependency-tree:jar:3.2.1
[DEBUG]   Included: commons-io:commons-io:jar:2.13.0
[DEBUG]   Included: org.vafer:jdependency:jar:2.8.0
[DEBUG]   Included: org.apache.commons:commons-collections4:jar:4.4
[DEBUG] Loading mojo org.springframework.boot:spring-boot-maven-plugin:3.4.2:run from plugin realm ClassRealm[plugin>org.springframework.boot:spring-boot-maven-plugin:3.4.2, parent: jdk.internal.loader.ClassLoaders$AppClassLoader@73d16e93]
[DEBUG] Configuring mojo execution 'org.springframework.boot:spring-boot-maven-plugin:3.4.2:run:default-cli' with basic configurator -->
[DEBUG]   (f) addResources = false
[DEBUG]   (f) additionalClasspathElements = []
[DEBUG]   (f) agents = []
[DEBUG]   (f) classesDirectory = C:\Users\rishi\OneDrive\Desktop\demo-App\Shubh-vivah-app\backend\OneDrive\Desktop\ShubhVivah-User-Application\target\classes
[DEBUG]   (f) groupId = org.projectlombok
[DEBUG]   (f) artifactId = lombok
[DEBUG]   (f) excludes = [org.springframework.boot.maven.Exclude@4293e066]
[DEBUG]   (f) includes = []
[DEBUG]   (f) optimizedLaunch = true
[DEBUG]   (f) profiles = []
[DEBUG]   (f) project = MavenProject: com.example:ShubhVivah:0.0.1-SNAPSHOT @ C:\Users\rishi\OneDrive\Desktop\demo-App\Shubh-vivah-app\backend\OneDrive\Desktop\ShubhVivah-User-Application\pom.xml
[DEBUG]   (f) session = org.apache.maven.execution.MavenSession@3c78e551
[DEBUG]   (f) skip = false
[DEBUG]   (f) useTestClasspath = false
[DEBUG] -- end configuration --
[INFO] Attaching agents: []
[DEBUG] JVM argument: -XX:TieredStopAtLevel=1
[DEBUG] Classpath for forked process: C:\Users\rishi\OneDrive\Desktop\demo-App\Shubh-vivah-app\backend\OneDrive\Desktop\ShubhVivah-User-Application\target\classes;C:\Users\rishi\.m2\repository\ch\qos\logback\logback-classic\1.5.16\logback-classic-1.5.16.jar;C:\Users\rishi\.m2\repository\ch\qos\logback\logback-core\1.5.16\logback-core-1.5.16.jar;C:\Users\rishi\.m2\repository\org\apache\logging\log4j\log4j-to-slf4j\2.24.3\log4j-to-slf4j-2.24.3.jar;C:\Users\rishi\.m2\repository\org\apache\logging\log4j\log4j-api\2.24.3\log4j-api-2.24.3.jar;C:\Users\rishi\.m2\repository\org\slf4j\jul-to-slf4j\2.0.16\jul-to-slf4j-2.0.16.jar;C:\Users\rishi\.m2\repository\jakarta\annotation\jakarta.annotation-api\2.1.1\jakarta.annotation-api-2.1.1.jar;C:\Users\rishi\.m2\repository\org\yaml\snakeyaml\2.3\snakeyaml-2.3.jar;C:\Users\rishi\.m2\repository\com\zaxxer\HikariCP\5.1.0\HikariCP-5.1.0.jar;C:\Users\rishi\.m2\repository\org\springframework\spring-jdbc\6.2.2\spring-jdbc-6.2.2.jar;C:\Users\rishi\.m2\repository\org\hibernate\orm\hibernate-core\6.6.5.Final\hibernate-core-6.6.5.Final.jar;C:\Users\rishi\.m2\repository\jakarta\persistence\jakarta.persistence-api\3.1.0\jakarta.persistence-api-3.1.0.jar;C:\Users\rishi\.m2\repository\jakarta\transaction\jakarta.transaction-api\2.0.1\jakarta.transaction-api-2.0.1.jar;C:\Users\rishi\.m2\repository\org\jboss\logging\jboss-logging\3.6.1.Final\jboss-logging-3.6.1.Final.jar;C:\Users\rishi\.m2\repository\org\hibernate\common\hibernate-commons-annotations\7.0.3.Final\hibernate-commons-annotations-7.0.3.Final.jar;C:\Users\rishi\.m2\repository\io\smallrye\jandex\3.2.0\jandex-3.2.0.jar;C:\Users\rishi\.m2\repository\com\fasterxml\classmate\1.7.0\classmate-1.7.0.jar;C:\Users\rishi\.m2\repository\net\bytebuddy\byte-buddy\1.15.11\byte-buddy-1.15.11.jar;C:\Users\rishi\.m2\repository\org\glassfish\jaxb\jaxb-runtime\4.0.5\jaxb-runtime-4.0.5.jar;C:\Users\rishi\.m2\repository\org\glassfish\jaxb\jaxb-core\4.0.5\jaxb-core-4.0.5.jar;C:\Users\rishi\.m2\repository\org\glassfish\jaxb\txw2\4.0.5\txw2-4.0.5.jar;C:\Users\rishi\.m2\repository\com\sun\istack\istack-commons-runtime\4.1.2\istack-commons-runtime-4.1.2.jar;C:\Users\rishi\.m2\repository\jakarta\inject\jakarta.inject-api\2.0.1\jakarta.inject-api-2.0.1.jar;C:\Users\rishi\.m2\repository\org\antlr\antlr4-runtime\4.13.0\antlr4-runtime-4.13.0.jar;C:\Users\rishi\.m2\repository\org\springframework\data\spring-data-jpa\3.4.2\spring-data-jpa-3.4.2.jar;C:\Users\rishi\.m2\repository\org\springframework\data\spring-data-commons\3.4.2\spring-data-commons-3.4.2.jar;C:\Users\rishi\.m2\repository\org\springframework\spring-orm\6.2.2\spring-orm-6.2.2.jar;C:\Users\rishi\.m2\repository\org\springframework\spring-context\6.2.2\spring-context-6.2.2.jar;C:\Users\rishi\.m2\repository\org\springframework\spring-tx\6.2.2\spring-tx-6.2.2.jar;C:\Users\rishi\.m2\repository\org\springframework\spring-beans\6.2.2\spring-beans-6.2.2.jar;C:\Users\rishi\.m2\repository\org\slf4j\slf4j-api\2.0.16\slf4j-api-2.0.16.jar;C:\Users\rishi\.m2\repository\org\springframework\spring-aspects\6.2.2\spring-aspects-6.2.2.jar;C:\Users\rishi\.m2\repository\org\aspectj\aspectjweaver\1.9.22.1\aspectjweaver-1.9.22.1.jar;C:\Users\rishi\.m2\repository\org\springframework\spring-aop\6.2.2\spring-aop-6.2.2.jar;C:\Users\rishi\.m2\repository\org\springframework\security\spring-security-config\6.4.2\spring-security-config-6.4.2.jar;C:\Users\rishi\.m2\repository\org\springframework\security\spring-security-web\6.4.2\spring-security-web-6.4.2.jar;C:\Users\rishi\.m2\repository\org\springframework\spring-expression\6.2.2\spring-expression-6.2.2.jar;C:\Users\rishi\.m2\repository\com\fasterxml\jackson\datatype\jackson-datatype-jdk8\2.18.2\jackson-datatype-jdk8-2.18.2.jar;C:\Users\rishi\.m2\repository\com\fasterxml\jackson\module\jackson-module-parameter-names\2.18.2\jackson-module-parameter-names-2.18.2.jar;C:\Users\rishi\.m2\repository\org\apache\tomcat\embed\tomcat-embed-core\10.1.34\tomcat-embed-core-10.1.34.jar;C:\Users\rishi\.m2\repository\org\apache\tomcat\embed\tomcat-embed-websocket\10.1.34\tomcat-embed-websocket-10.1.34.jar;C:\Users\rishi\.m2\repository\org\springframework\spring-web\6.2.2\spring-web-6.2.2.jar;C:\Users\rishi\.m2\repository\io\micrometer\micrometer-observation\1.14.3\micrometer-observation-1.14.3.jar;C:\Users\rishi\.m2\repository\io\micrometer\micrometer-commons\1.14.3\micrometer-commons-1.14.3.jar;C:\Users\rishi\.m2\repository\org\springframework\spring-webmvc\6.2.2\spring-webmvc-6.2.2.jar;C:\Users\rishi\.m2\repository\org\apache\tomcat\embed\tomcat-embed-el\10.1.34\tomcat-embed-el-10.1.34.jar;C:\Users\rishi\.m2\repository\org\hibernate\validator\hibernate-validator\8.0.2.Final\hibernate-validator-8.0.2.Final.jar;C:\Users\rishi\.m2\repository\jakarta\validation\jakarta.validation-api\3.0.2\jakarta.validation-api-3.0.2.jar;C:\Users\rishi\.m2\repository\org\springframework\spring-context-support\6.2.2\spring-context-support-6.2.2.jar;C:\Users\rishi\.m2\repository\org\eclipse\angus\jakarta.mail\2.0.3\jakarta.mail-2.0.3.jar;C:\Users\rishi\.m2\repository\jakarta\activation\jakarta.activation-api\2.1.3\jakarta.activation-api-2.1.3.jar;C:\Users\rishi\.m2\repository\org\eclipse\angus\angus-activation\2.0.2\angus-activation-2.0.2.jar;C:\Users\rishi\.m2\repository\org\springframework\spring-messaging\6.2.2\spring-messaging-6.2.2.jar;C:\Users\rishi\.m2\repository\org\springframework\spring-websocket\6.2.2\spring-websocket-6.2.2.jar;C:\Users\rishi\.m2\repository\org\springframework\boot\spring-boot-devtools\3.4.2\spring-boot-devtools-3.4.2.jar;C:\Users\rishi\.m2\repository\org\springframework\boot\spring-boot\3.4.2\spring-boot-3.4.2.jar;C:\Users\rishi\.m2\repository\org\springframework\boot\spring-boot-autoconfigure\3.4.2\spring-boot-autoconfigure-3.4.2.jar;C:\Users\rishi\.m2\repository\com\h2database\h2\2.3.232\h2-2.3.232.jar;C:\Users\rishi\.m2\repository\org\postgresql\postgresql\42.7.5\postgresql-42.7.5.jar;C:\Users\rishi\.m2\repository\org\checkerframework\checker-qual\3.48.3\checker-qual-3.48.3.jar;C:\Users\rishi\.m2\repository\org\flywaydb\flyway-core\10.20.1\flyway-core-10.20.1.jar;C:\Users\rishi\.m2\repository\com\fasterxml\jackson\dataformat\jackson-dataformat-toml\2.18.2\jackson-dataformat-toml-2.18.2.jar;C:\Users\rishi\.m2\repository\com\fasterxml\jackson\core\jackson-core\2.18.2\jackson-core-2.18.2.jar;C:\Users\rishi\.m2\repository\com\fasterxml\jackson\datatype\jackson-datatype-jsr310\2.18.2\jackson-datatype-jsr310-2.18.2.jar;C:\Users\rishi\.m2\repository\com\fasterxml\jackson\core\jackson-annotations\2.18.2\jackson-annotations-2.18.2.jar;C:\Users\rishi\.m2\repository\org\flywaydb\flyway-database-postgresql\10.20.1\flyway-database-postgresql-10.20.1.jar;C:\Users\rishi\.m2\repository\io\jsonwebtoken\jjwt-api\0.11.5\jjwt-api-0.11.5.jar;C:\Users\rishi\.m2\repository\io\jsonwebtoken\jjwt-impl\0.11.5\jjwt-impl-0.11.5.jar;C:\Users\rishi\.m2\repository\io\jsonwebtoken\jjwt-jackson\0.11.5\jjwt-jackson-0.11.5.jar;C:\Users\rishi\.m2\repository\com\fasterxml\jackson\core\jackson-databind\2.18.2\jackson-databind-2.18.2.jar;C:\Users\rishi\.m2\repository\com\cloudinary\cloudinary-http44\1.39.0\cloudinary-http44-1.39.0.jar;C:\Users\rishi\.m2\repository\com\cloudinary\cloudinary-core\1.39.0\cloudinary-core-1.39.0.jar;C:\Users\rishi\.m2\repository\org\apache\commons\commons-lang3\3.17.0\commons-lang3-3.17.0.jar;C:\Users\rishi\.m2\repository\org\apache\httpcomponents\httpclient\4.4\httpclient-4.4.jar;C:\Users\rishi\.m2\repository\org\apache\httpcomponents\httpcore\4.4.16\httpcore-4.4.16.jar;C:\Users\rishi\.m2\repository\commons-logging\commons-logging\1.2\commons-logging-1.2.jar;C:\Users\rishi\.m2\repository\commons-codec\commons-codec\1.17.2\commons-codec-1.17.2.jar;C:\Users\rishi\.m2\repository\org\apache\httpcomponents\httpmime\4.4\httpmime-4.4.jar;C:\Users\rishi\.m2\repository\io\github\cdimascio\dotenv-java\3.0.0\dotenv-java-3.0.0.jar;C:\Users\rishi\.m2\repository\org\jetbrains\kotlin\kotlin-stdlib-jdk8\2.2.20\kotlin-stdlib-jdk8-2.2.20.jar;C:\Users\rishi\.m2\repository\org\jetbrains\kotlin\kotlin-stdlib\2.2.20\kotlin-stdlib-2.2.20.jar;C:\Users\rishi\.m2\repository\org\jetbrains\annotations\13.0\annotations-13.0.jar;C:\Users\rishi\.m2\repository\org\jetbrains\kotlin\kotlin-stdlib-jdk7\2.2.20\kotlin-stdlib-jdk7-2.2.20.jar;C:\Users\rishi\.m2\repository\jakarta\xml\bind\jakarta.xml.bind-api\4.0.2\jakarta.xml.bind-api-4.0.2.jar;C:\Users\rishi\.m2\repository\org\springframework\spring-core\6.2.2\spring-core-6.2.2.jar;C:\Users\rishi\.m2\repository\org\springframework\spring-jcl\6.2.2\spring-jcl-6.2.2.jar;C:\Users\rishi\.m2\repository\org\springframework\security\spring-security-core\6.4.2\spring-security-core-6.4.2.jar;C:\Users\rishi\.m2\repository\org\springframework\security\spring-security-crypto\6.4.2\spring-security-crypto-6.4.2.jar
[DEBUG] Application arguments: 
[DEBUG] Working directory: C:\Users\rishi\OneDrive\Desktop\demo-App\Shubh-vivah-app\backend\OneDrive\Desktop\ShubhVivah-User-Application
[DEBUG] Java arguments: -XX:TieredStopAtLevel=1 -cp @C:\Users\rishi\AppData\Local\Temp\spring-boot-2732119474292689281.argfile com.example.shubhvivah.ShubhVivahApplication
[DEBUG] Environment variables: 
Standard Commons Logging discovery in action with spring-jcl: please remove commons-logging.jar from classpath in order to avoid potential conflicts
Standard Commons Logging discovery in action with spring-jcl: please remove commons-logging.jar from classpath in order to avoid potential conflicts

  .   ____          _            __ _ _
 /\\ / ___'_ __ _ _(_)_ __  __ _ \ \ \ \
( ( )\___ | '_ | '_| | '_ \/ _` | \ \ \ \
 \\/  ___)| |_)| | | | | || (_| |  ) ) ) )
  '  |____| .__|_| |_|_| |_\__, | / / / /
 =========|_|==============|___/=/_/_/_/

 :: Spring Boot ::                (v3.4.2)

2026-03-18T13:57:53.560+05:30  INFO 31280 --- [ShubhVivah] [  restartedMain] c.e.shubhvivah.ShubhVivahApplication     : Starting ShubhVivahApplication using Java 17.0.17 with PID 31280 (C:\Users\rishi\OneDrive\Desktop\demo-App\Shubh-vivah-app\backend\OneDrive\Desktop\ShubhVivah-User-Application\target\classes started by rishi in C:\Users\rishi\OneDrive\Desktop\demo-App\Shubh-vivah-app\backend\OneDrive\Desktop\ShubhVivah-User-Application)
2026-03-18T13:57:53.563+05:30 DEBUG 31280 --- [ShubhVivah] [  restartedMain] c.e.shubhvivah.ShubhVivahApplication     : Running with Spring Boot v3.4.2, Spring v6.2.2
2026-03-18T13:57:53.563+05:30  INFO 31280 --- [ShubhVivah] [  restartedMain] c.e.shubhvivah.ShubhVivahApplication     : No active profile set, falling back to 1 default profile: "default"
2026-03-18T13:57:53.601+05:30  INFO 31280 --- [ShubhVivah] [  restartedMain] .e.DevToolsPropertyDefaultsPostProcessor : Devtools property defaults active! Set 'spring.devtools.add-properties' to 'false' to disable
2026-03-18T13:57:53.601+05:30  INFO 31280 --- [ShubhVivah] [  restartedMain] .e.DevToolsPropertyDefaultsPostProcessor : For additional web related logging consider setting the 'logging.level.web' property to 'DEBUG'
2026-03-18T13:57:54.275+05:30  INFO 31280 --- [ShubhVivah] [  restartedMain] .s.d.r.c.RepositoryConfigurationDelegate : Bootstrapping Spring Data JPA repositories in DEFAULT mode.
2026-03-18T13:57:54.380+05:30  INFO 31280 --- [ShubhVivah] [  restartedMain] .s.d.r.c.RepositoryConfigurationDelegate : Finished Spring Data repository scanning in 99 ms. Found 18 JPA repository interfaces.
2026-03-18T13:57:54.937+05:30  INFO 31280 --- [ShubhVivah] [  restartedMain] o.s.b.w.embedded.tomcat.TomcatWebServer  : Tomcat initialized with port 8085 (http)
2026-03-18T13:57:54.948+05:30  INFO 31280 --- [ShubhVivah] [  restartedMain] o.apache.catalina.core.StandardService   : Starting service [Tomcat]
2026-03-18T13:57:54.949+05:30  INFO 31280 --- [ShubhVivah] [  restartedMain] o.apache.catalina.core.StandardEngine    : Starting Servlet engine: [Apache Tomcat/10.1.34]
2026-03-18T13:57:54.988+05:30  INFO 31280 --- [ShubhVivah] [  restartedMain] o.a.c.c.C.[Tomcat].[localhost].[/]       : Initializing Spring embedded WebApplicationContext
2026-03-18T13:57:54.989+05:30  INFO 31280 --- [ShubhVivah] [  restartedMain] w.s.c.ServletWebServerApplicationContext : Root WebApplicationContext: initialization completed in 1387 ms
Standard Commons Logging discovery in action with spring-jcl: please remove commons-logging.jar from classpath in order to avoid potential conflicts
2026-03-18T13:57:55.004+05:30 ERROR 31280 --- [ShubhVivah] [  restartedMain] o.s.b.web.embedded.tomcat.TomcatStarter  : Error starting Tomcat context. Exception: org.springframework.beans.factory.UnsatisfiedDependencyException. Message: Error creating bean with name 'jwtFilter' defined in file [C:\Users\rishi\OneDrive\Desktop\demo-App\Shubh-vivah-app\backend\OneDrive\Desktop\ShubhVivah-User-Application\target\classes\com\example\shubhvivah\config\JwtFilter.class]: Unsatisfied dependency expressed through constructor parameter 0: Error creating bean with name 'jwtUtil': Injection of autowired dependencies failed
2026-03-18T13:57:55.030+05:30  INFO 31280 --- [ShubhVivah] [  restartedMain] o.apache.catalina.core.StandardService   : Stopping service [Tomcat]
2026-03-18T13:57:55.042+05:30  WARN 31280 --- [ShubhVivah] [  restartedMain] ConfigServletWebServerApplicationContext : Exception encountered during context initialization - cancelling refresh attempt: org.springframework.context.ApplicationContextException: Unable to start web server
2026-03-18T13:57:55.052+05:30  INFO 31280 --- [ShubhVivah] [  restartedMain] .s.b.a.l.ConditionEvaluationReportLogger : 

Error starting ApplicationContext. To display the condition evaluation report re-run your application with 'debug' enabled.
2026-03-18T13:57:55.080+05:30 ERROR 31280 --- [ShubhVivah] [  restartedMain] o.s.boot.SpringApplication               : Application run failed

org.springframework.context.ApplicationContextException: Unable to start web server
	at org.springframework.boot.web.servlet.context.ServletWebServerApplicationContext.onRefresh(ServletWebServerApplicationContext.java:165) ~[spring-boot-3.4.2.jar:3.4.2]
	at org.springframework.context.support.AbstractApplicationContext.refresh(AbstractApplicationContext.java:621) ~[spring-context-6.2.2.jar:6.2.2]
	at org.springframework.boot.web.servlet.context.ServletWebServerApplicationContext.refresh(ServletWebServerApplicationContext.java:146) ~[spring-boot-3.4.2.jar:3.4.2]
	at org.springframework.boot.SpringApplication.refresh(SpringApplication.java:752) ~[spring-boot-3.4.2.jar:3.4.2]
	at org.springframework.boot.SpringApplication.refreshContext(SpringApplication.java:439) ~[spring-boot-3.4.2.jar:3.4.2]
	at org.springframework.boot.SpringApplication.run(SpringApplication.java:318) ~[spring-boot-3.4.2.jar:3.4.2]
	at org.springframework.boot.SpringApplication.run(SpringApplication.java:1361) ~[spring-boot-3.4.2.jar:3.4.2]
	at org.springframework.boot.SpringApplication.run(SpringApplication.java:1350) ~[spring-boot-3.4.2.jar:3.4.2]
	at com.example.shubhvivah.ShubhVivahApplication.main(ShubhVivahApplication.java:10) ~[classes/:na]
	at java.base/jdk.internal.reflect.NativeMethodAccessorImpl.invoke0(Native Method) ~[na:na]
	at java.base/jdk.internal.reflect.NativeMethodAccessorImpl.invoke(NativeMethodAccessorImpl.java:77) ~[na:na]
	at java.base/jdk.internal.reflect.DelegatingMethodAccessorImpl.invoke(DelegatingMethodAccessorImpl.java:43) ~[na:na]
	at java.base/java.lang.reflect.Method.invoke(Method.java:569) ~[na:na]
	at org.springframework.boot.devtools.restart.RestartLauncher.run(RestartLauncher.java:50) ~[spring-boot-devtools-3.4.2.jar:3.4.2]
Caused by: org.springframework.boot.web.server.WebServerException: Unable to start embedded Tomcat
	at org.springframework.boot.web.embedded.tomcat.TomcatWebServer.initialize(TomcatWebServer.java:147) ~[spring-boot-3.4.2.jar:3.4.2]
	at org.springframework.boot.web.embedded.tomcat.TomcatWebServer.<init>(TomcatWebServer.java:107) ~[spring-boot-3.4.2.jar:3.4.2]
	at org.springframework.boot.web.embedded.tomcat.TomcatServletWebServerFactory.getTomcatWebServer(TomcatServletWebServerFactory.java:516) ~[spring-boot-3.4.2.jar:3.4.2]
	at org.springframework.boot.web.embedded.tomcat.TomcatServletWebServerFactory.getWebServer(TomcatServletWebServerFactory.java:222) ~[spring-boot-3.4.2.jar:3.4.2]
	at org.springframework.boot.web.servlet.context.ServletWebServerApplicationContext.createWebServer(ServletWebServerApplicationContext.java:188) ~[spring-boot-3.4.2.jar:3.4.2]
	at org.springframework.boot.web.servlet.context.ServletWebServerApplicationContext.onRefresh(ServletWebServerApplicationContext.java:162) ~[spring-boot-3.4.2.jar:3.4.2]
	... 13 common frames omitted
Caused by: org.springframework.beans.factory.UnsatisfiedDependencyException: Error creating bean with name 'jwtFilter' defined in file [C:\Users\rishi\OneDrive\Desktop\demo-App\Shubh-vivah-app\backend\OneDrive\Desktop\ShubhVivah-User-Application\target\classes\com\example\shubhvivah\config\JwtFilter.class]: Unsatisfied dependency expressed through constructor parameter 0: Error creating bean with name 'jwtUtil': Injection of autowired dependencies failed
	at org.springframework.beans.factory.support.ConstructorResolver.createArgumentArray(ConstructorResolver.java:804) ~[spring-beans-6.2.2.jar:6.2.2]
	at org.springframework.beans.factory.support.ConstructorResolver.autowireConstructor(ConstructorResolver.java:240) ~[spring-beans-6.2.2.jar:6.2.2]
	at org.springframework.beans.factory.support.AbstractAutowireCapableBeanFactory.autowireConstructor(AbstractAutowireCapableBeanFactory.java:1381) ~[spring-beans-6.2.2.jar:6.2.2]
	at org.springframework.beans.factory.support.AbstractAutowireCapableBeanFactory.createBeanInstance(AbstractAutowireCapableBeanFactory.java:1218) ~[spring-beans-6.2.2.jar:6.2.2]
	at org.springframework.beans.factory.support.AbstractAutowireCapableBeanFactory.doCreateBean(AbstractAutowireCapableBeanFactory.java:563) ~[spring-beans-6.2.2.jar:6.2.2]
	at org.springframework.beans.factory.support.AbstractAutowireCapableBeanFactory.createBean(AbstractAutowireCapableBeanFactory.java:523) ~[spring-beans-6.2.2.jar:6.2.2]
	at org.springframework.beans.factory.support.AbstractBeanFactory.lambda$doGetBean$0(AbstractBeanFactory.java:336) ~[spring-beans-6.2.2.jar:6.2.2]
	at org.springframework.beans.factory.support.DefaultSingletonBeanRegistry.getSingleton(DefaultSingletonBeanRegistry.java:307) ~[spring-beans-6.2.2.jar:6.2.2]
	at org.springframework.beans.factory.support.AbstractBeanFactory.doGetBean(AbstractBeanFactory.java:334) ~[spring-beans-6.2.2.jar:6.2.2]
	at org.springframework.beans.factory.support.AbstractBeanFactory.getBean(AbstractBeanFactory.java:204) ~[spring-beans-6.2.2.jar:6.2.2]
	at org.springframework.boot.web.servlet.ServletContextInitializerBeans.getOrderedBeansOfType(ServletContextInitializerBeans.java:211) ~[spring-boot-3.4.2.jar:3.4.2]
	at org.springframework.boot.web.servlet.ServletContextInitializerBeans.addAsRegistrationBean(ServletContextInitializerBeans.java:174) ~[spring-boot-3.4.2.jar:3.4.2]
	at org.springframework.boot.web.servlet.ServletContextInitializerBeans.addAsRegistrationBean(ServletContextInitializerBeans.java:169) ~[spring-boot-3.4.2.jar:3.4.2]
	at org.springframework.boot.web.servlet.ServletContextInitializerBeans.addAdaptableBeans(ServletContextInitializerBeans.java:154) ~[spring-boot-3.4.2.jar:3.4.2]
	at org.springframework.boot.web.servlet.ServletContextInitializerBeans.<init>(ServletContextInitializerBeans.java:87) ~[spring-boot-3.4.2.jar:3.4.2]
	at org.springframework.boot.web.servlet.context.ServletWebServerApplicationContext.getServletContextInitializerBeans(ServletWebServerApplicationContext.java:266) ~[spring-boot-3.4.2.jar:3.4.2]
	at org.springframework.boot.web.servlet.context.ServletWebServerApplicationContext.selfInitialize(ServletWebServerApplicationContext.java:240) ~[spring-boot-3.4.2.jar:3.4.2]
	at org.springframework.boot.web.embedded.tomcat.TomcatStarter.onStartup(TomcatStarter.java:52) ~[spring-boot-3.4.2.jar:3.4.2]
	at org.apache.catalina.core.StandardContext.startInternal(StandardContext.java:4426) ~[tomcat-embed-core-10.1.34.jar:10.1.34]
	at org.apache.catalina.util.LifecycleBase.start(LifecycleBase.java:164) ~[tomcat-embed-core-10.1.34.jar:10.1.34]
	at org.apache.catalina.core.ContainerBase$StartChild.call(ContainerBase.java:1203) ~[tomcat-embed-core-10.1.34.jar:10.1.34]
	at org.apache.catalina.core.ContainerBase$StartChild.call(ContainerBase.java:1193) ~[tomcat-embed-core-10.1.34.jar:10.1.34]
	at java.base/java.util.concurrent.FutureTask.run(FutureTask.java:264) ~[na:na]
	at org.apache.tomcat.util.threads.InlineExecutorService.execute(InlineExecutorService.java:75) ~[tomcat-embed-core-10.1.34.jar:10.1.34]
	at java.base/java.util.concurrent.AbstractExecutorService.submit(AbstractExecutorService.java:145) ~[na:na]
	at org.apache.catalina.core.ContainerBase.startInternal(ContainerBase.java:749) ~[tomcat-embed-core-10.1.34.jar:10.1.34]
	at org.apache.catalina.core.StandardHost.startInternal(StandardHost.java:772) ~[tomcat-embed-core-10.1.34.jar:10.1.34]
	at org.apache.catalina.util.LifecycleBase.start(LifecycleBase.java:164) ~[tomcat-embed-core-10.1.34.jar:10.1.34]
	at org.apache.catalina.core.ContainerBase$StartChild.call(ContainerBase.java:1203) ~[tomcat-embed-core-10.1.34.jar:10.1.34]
	at org.apache.catalina.core.ContainerBase$StartChild.call(ContainerBase.java:1193) ~[tomcat-embed-core-10.1.34.jar:10.1.34]
	at java.base/java.util.concurrent.FutureTask.run(FutureTask.java:264) ~[na:na]
	at org.apache.tomcat.util.threads.InlineExecutorService.execute(InlineExecutorService.java:75) ~[tomcat-embed-core-10.1.34.jar:10.1.34]
	at java.base/java.util.concurrent.AbstractExecutorService.submit(AbstractExecutorService.java:145) ~[na:na]
	at org.apache.catalina.core.ContainerBase.startInternal(ContainerBase.java:749) ~[tomcat-embed-core-10.1.34.jar:10.1.34]
	at org.apache.catalina.core.StandardEngine.startInternal(StandardEngine.java:203) ~[tomcat-embed-core-10.1.34.jar:10.1.34]
	at org.apache.catalina.util.LifecycleBase.start(LifecycleBase.java:164) ~[tomcat-embed-core-10.1.34.jar:10.1.34]
	at org.apache.catalina.core.StandardService.startInternal(StandardService.java:415) ~[tomcat-embed-core-10.1.34.jar:10.1.34]
	at org.apache.catalina.util.LifecycleBase.start(LifecycleBase.java:164) ~[tomcat-embed-core-10.1.34.jar:10.1.34]
	at org.apache.catalina.core.StandardServer.startInternal(StandardServer.java:870) ~[tomcat-embed-core-10.1.34.jar:10.1.34]
	at org.apache.catalina.util.LifecycleBase.start(LifecycleBase.java:164) ~[tomcat-embed-core-10.1.34.jar:10.1.34]
	at org.apache.catalina.startup.Tomcat.start(Tomcat.java:437) ~[tomcat-embed-core-10.1.34.jar:10.1.34]
	at org.springframework.boot.web.embedded.tomcat.TomcatWebServer.initialize(TomcatWebServer.java:128) ~[spring-boot-3.4.2.jar:3.4.2]
	... 18 common frames omitted
Caused by: org.springframework.beans.factory.BeanCreationException: Error creating bean with name 'jwtUtil': Injection of autowired dependencies failed
	at org.springframework.beans.factory.annotation.AutowiredAnnotationBeanPostProcessor.postProcessProperties(AutowiredAnnotationBeanPostProcessor.java:515) ~[spring-beans-6.2.2.jar:6.2.2]
	at org.springframework.beans.factory.support.AbstractAutowireCapableBeanFactory.populateBean(AbstractAutowireCapableBeanFactory.java:1445) ~[spring-beans-6.2.2.jar:6.2.2]
	at org.springframework.beans.factory.support.AbstractAutowireCapableBeanFactory.doCreateBean(AbstractAutowireCapableBeanFactory.java:600) ~[spring-beans-6.2.2.jar:6.2.2]
	at org.springframework.beans.factory.support.AbstractAutowireCapableBeanFactory.createBean(AbstractAutowireCapableBeanFactory.java:523) ~[spring-beans-6.2.2.jar:6.2.2]
	at org.springframework.beans.factory.support.AbstractBeanFactory.lambda$doGetBean$0(AbstractBeanFactory.java:336) ~[spring-beans-6.2.2.jar:6.2.2]
	at org.springframework.beans.factory.support.DefaultSingletonBeanRegistry.getSingleton(DefaultSingletonBeanRegistry.java:307) ~[spring-beans-6.2.2.jar:6.2.2]
	at org.springframework.beans.factory.support.AbstractBeanFactory.doGetBean(AbstractBeanFactory.java:334) ~[spring-beans-6.2.2.jar:6.2.2]
	at org.springframework.beans.factory.support.AbstractBeanFactory.getBean(AbstractBeanFactory.java:199) ~[spring-beans-6.2.2.jar:6.2.2]
	at org.springframework.beans.factory.support.DefaultListableBeanFactory.doResolveDependency(DefaultListableBeanFactory.java:1573) ~[spring-beans-6.2.2.jar:6.2.2]
	at org.springframework.beans.factory.support.DefaultListableBeanFactory.resolveDependency(DefaultListableBeanFactory.java:1519) ~[spring-beans-6.2.2.jar:6.2.2]
	at org.springframework.beans.factory.support.ConstructorResolver.resolveAutowiredArgument(ConstructorResolver.java:913) ~[spring-beans-6.2.2.jar:6.2.2]
	at org.springframework.beans.factory.support.ConstructorResolver.createArgumentArray(ConstructorResolver.java:791) ~[spring-beans-6.2.2.jar:6.2.2]
	... 59 common frames omitted
Caused by: org.springframework.util.PlaceholderResolutionException: Could not resolve placeholder 'JWT_SECRET' in value "${JWT_SECRET}" <-- "${jwt.secret}"
	at org.springframework.util.PlaceholderResolutionException.withValue(PlaceholderResolutionException.java:81) ~[spring-core-6.2.2.jar:6.2.2]
	at org.springframework.util.PlaceholderParser$ParsedValue.resolve(PlaceholderParser.java:416) ~[spring-core-6.2.2.jar:6.2.2]
	at org.springframework.util.PlaceholderParser.replacePlaceholders(PlaceholderParser.java:128) ~[spring-core-6.2.2.jar:6.2.2]
	at org.springframework.util.PropertyPlaceholderHelper.parseStringValue(PropertyPlaceholderHelper.java:118) ~[spring-core-6.2.2.jar:6.2.2]
	at org.springframework.util.PropertyPlaceholderHelper.replacePlaceholders(PropertyPlaceholderHelper.java:114) ~[spring-core-6.2.2.jar:6.2.2]
	at org.springframework.core.env.AbstractPropertyResolver.doResolvePlaceholders(AbstractPropertyResolver.java:255) ~[spring-core-6.2.2.jar:6.2.2]
	at org.springframework.core.env.AbstractPropertyResolver.resolveRequiredPlaceholders(AbstractPropertyResolver.java:226) ~[spring-core-6.2.2.jar:6.2.2]
	at org.springframework.context.support.PropertySourcesPlaceholderConfigurer.lambda$processProperties$0(PropertySourcesPlaceholderConfigurer.java:201) ~[spring-context-6.2.2.jar:6.2.2]
	at org.springframework.beans.factory.support.AbstractBeanFactory.resolveEmbeddedValue(AbstractBeanFactory.java:963) ~[spring-beans-6.2.2.jar:6.2.2]
	at org.springframework.beans.factory.support.DefaultListableBeanFactory.doResolveDependency(DefaultListableBeanFactory.java:1541) ~[spring-beans-6.2.2.jar:6.2.2]
	at org.springframework.beans.factory.support.DefaultListableBeanFactory.resolveDependency(DefaultListableBeanFactory.java:1519) ~[spring-beans-6.2.2.jar:6.2.2]
	at org.springframework.beans.factory.annotation.AutowiredAnnotationBeanPostProcessor$AutowiredFieldElement.resolveFieldValue(AutowiredAnnotationBeanPostProcessor.java:785) ~[spring-beans-6.2.2.jar:6.2.2]
	at org.springframework.beans.factory.annotation.AutowiredAnnotationBeanPostProcessor$AutowiredFieldElement.inject(AutowiredAnnotationBeanPostProcessor.java:768) ~[spring-beans-6.2.2.jar:6.2.2]
	at org.springframework.beans.factory.annotation.InjectionMetadata.inject(InjectionMetadata.java:146) ~[spring-beans-6.2.2.jar:6.2.2]
	at org.springframework.beans.factory.annotation.AutowiredAnnotationBeanPostProcessor.postProcessProperties(AutowiredAnnotationBeanPostProcessor.java:509) ~[spring-beans-6.2.2.jar:6.2.2]
	... 70 common frames omitted

[INFO] ------------------------------------------------------------------------
[INFO] BUILD SUCCESS
[INFO] ------------------------------------------------------------------------
[INFO] Total time:  4.627 s
[INFO] Finished at: 2026-03-18T13:57:55+05:30
[INFO] ------------------------------------------------------------------------
[DEBUG] Shutting down adapter factory; available factories [file-lock, rwlock-local, semaphore-local, noop]; available name mappers [discriminating, file-gav, file-hgav, file-static, gav, static]
[DEBUG] Shutting down 'file-lock' factory
[DEBUG] Shutting down 'rwlock-local' factory
[DEBUG] Shutting down 'semaphore-local' factory
[DEBUG] Shutting down 'noop' factory
